name_pair_1;name_pair_2
0001e96803--6229f737a9ea9b57ccd29104.jpg;0001e96803--6229f93cc72a824e5bbd6311.jpg
0001e96803--62209c15326f565941d98028.jpg;0001e96803--62209cb307d635144a51e9fb.jpg
0001e96803--6229f737a9ea9b57ccd29104.jpg;0001e96803--622a094a9503bf6b99093359.jpg
0001e96803--63499a3888d4494ceaf08f42.jpg;0001e96803--63456e3ddd61db125822e059.jpg
0001e96803--634768f46004ae67601eea2b.jpg;0001e96803--634687c2c9f9ee0f1910f2f2.jpg
0001e96803--63497bbb11050d3b3d8547da.jpg;0001e96803--63497fa38b8c8b093415d9f2.jpg
0001e96803--62544fef3aa41210b0f6509a.jpg;0001e96803--62545ebdb78d4361c3189d60.jpg
0001e96803--62210f1bdad63543fe317fe1.jpg;0001e96803--6220c0635630e1229e8aa092.jpg
0001e96803--62217e69f9a31c57defd0634.jpg;0001e96803--62217d4fdad63543fe34313c.jpg
0001e96803--636118509277f672f18fb7f7.jpg;0001e96803--63611927fbd63e2722a92110.jpg
0001e96803--632916789d6b6e59bf52dc00.jpg;0001e96803--632928c0ee98da5773df5f16.jpg
0001e96803--62209c67d656c1525fc2a9b0.jpg;0001e96803--6220a56f69eb0849e15721a6.jpg
0001e96803--6220fa4124413b491393b321.jpg;0001e96803--6220fb5c07d635144a587a86.jpg
0001e96803--622ce624511cdb61528f2d35.jpg;0001e96803--62251c9bd9295779c06b9491.jpg
0001e96803--6220c92aa2f3cb74fdc61195.jpg;0001e96803--62418ec7f3827f4117101548.jpg
0001e96803--6229f93cc72a824e5bbd6311.jpg;0001e96803--622a094a9503bf6b99093359.jpg
0001e96803--62adee39733c273cbda4ebeb.jpg;0001e96803--62adef5ebf14257215d53698.jpg
0001e96803--6241bd789d40b5027ebfbdca.jpg;0001e96803--6239ea0a20237d576ab21556.jpg
0001e96803--6255c8cfa78b820c6c71a938.jpg;0001e96803--6244939b154dce4ccec4e54c.jpg
0001e96803--62c638293153aa34ba95adee.jpg;0001e96803--62d9660925470c1b481acf48.jpg
0001e96803--6220c8b9f9a31c57def3d9ec.jpg;0001e96803--6220879e07d635144a5045c7.jpg
0001e96803--6348e45d148cbc2e68966e81.jpg;0001e96803--6348daa141ba19793081526d.jpg
0001e96803--622e4b8c6aff7e6ce708d60d.jpg;0001e96803--622e2801dc5c4810a03cf652.jpg
0001e96803--6347ec7bcc4911103ef44a12.jpg;0001e96803--6347c579468fe447144dc286.jpg
0001e96803--6242e1f9306e6346d681b081.jpg;0001e96803--6242dda0c44212112773d33d.jpg
0001e96803--627619012afb8d4f1f6848fa.jpg;0001e96803--62762580516a1f3d2405034c.jpg
0001e96803--62e16bf58071c3359eca6d29.jpg;0001e96803--62cb0183cdd675694844a7f6.jpg
0001e96803--62dce887adff1e4e33a555a1.jpg;0001e96803--62de64aad826d608837cc921.jpg
0001e96803--6221764cf9a31c57defcd033.jpg;0001e96803--623984b7bfa6d8211980a24c.jpg
0001e96803--63693371351d406056cfe8fd.jpg;0001e96803--6368c645351d406056cabb56.jpg
0001e96803--638da8387c421c0221649e58.jpg;0001e96803--638e0653f3acfc6c6ade7b1d.jpg
0001e96803--625507bd4374727ed134b45a.jpg;0001e96803--6267792860e44172041542ee.jpg
0001e96803--622881ba9503bf6b99f0c9d0.jpg;0001e96803--6228820c7a07670e20e6bf0b.jpg
0001e96803--625507bd4374727ed134b45a.jpg;0001e96803--62429127b7ffd22bbe655933.jpg
0001e96803--6260058419e462654f70f4b7.jpg;0001e96803--622d6a0725df0d340745f6e9.jpg
0001e96803--6220ed59d47cac79fdbb1beb.jpg;0001e96803--622117cc99d6fe4e24b2d8a7.jpg
0001e96803--625509e8068ade58de899d18.jpg;0001e96803--625443162872212c0ddd88f7.jpg
0001e96803--6222281b47557b67fe75c1ce.jpg;0001e96803--622237dbdfc789173ad58790.jpg
0001e96803--630af91118ad0d3f5bd8da15.jpg;0001e96803--6223ab1f5b075e1d279b7448.jpg
0001e96803--622227d6a91ed96f8b1418ea.jpg;0001e96803--622089b647557b67fe5690ca.jpg
0001e96803--6289143ac6653919697781bc.jpg;0001e96803--6289158f8ecec626c1c66fe3.jpg
0001e96803--62547dbcec464b057f2c915b.jpg;0001e96803--6289ee3c4849b9176d42595c.jpg
0001e96803--62752e22532aab3ff904fb8a.jpg;0001e96803--62e8108690e7d411db0d9fbe.jpg
0001e96803--6229e343eefaa33c9daab6e3.jpg;0001e96803--622a136b82605f6496342fc2.jpg
0001e96803--63031e2bb789b92b1ea0e994.jpg;0001e96803--62c96450b0ca9e7542102347.jpg
0001e96803--6224b3bd0491a43cbd3f60ca.jpg;0001e96803--6224b51195aad761f1345970.jpg
0001e96803--6328bec11a965e051c429e5b.jpg;0001e96803--6328bf99ee98da5773dbe7f1.jpg
0001e96803--6280a74391f0bb0d5bea335c.jpg;0001e96803--62552dc80ef8f154ec2c1eee.jpg
0001e96803--6242550565f2e649f21e7fa8.jpg;0001e96803--6289c4670e6b2f6bab7f80e9.jpg
0001e96803--6228a0fade31052c5f26fb34.jpg;0001e96803--62289db8de31052c5f26c4e8.jpg
0001e96803--6329abcac0fada34d762faa3.jpg;0001e96803--630c8905735ccd0e800e1e13.jpg
0001e96803--6224ba6ff2f0126f42d33e63.jpg;0001e96803--62273d438fd2c4357ed1fe95.jpg
0001e96803--624474e6c4421211278adac3.jpg;0001e96803--625efc66f927412204aa8af6.jpg
0001e96803--6267c1c0365ff524ae88721a.jpg;0001e96803--6267c45cff79a865e3126914.jpg
0001e96803--638e298ee6f25e22dd249c77.jpg;0001e96803--638f55951d15e03eaa479f42.jpg
0001e96803--62498243a217573c2caece35.jpg;0001e96803--6239ffff353a541f5107b481.jpg
0001e96803--63b57f8bda1c34013a8a0750.jpg;0001e96803--63612ccc2f9c8279902dd253.jpg
0001e96803--62753b140f78664bc6326db3.jpg;0001e96803--62c2f5357d59c82a1a470edd.jpg
0001e96803--636126080173330ac3d0a5d3.jpg;0001e96803--63612efc23a25b275cb52cdf.jpg
0001e96803--630cb51406f6833ac2479488.jpg;0001e96803--6364865048c06852fcace803.jpg
0001e96803--630cc039a22771012dbc049d.jpg;0001e96803--62fe8447f232a03dd6860694.jpg
0001e96803--63777e026b2d840c16f1a8ad.jpg;0001e96803--6376d7987adbfb533ed060f6.jpg
0001e96803--622243584fce190ebd3d2d7c.jpg;0001e96803--6222408cdfc789173ad60dab.jpg
0001e96803--63293318d624a107da3d9729.jpg;0001e96803--6308b80da1a4ab6317026fd6.jpg
0001e96803--6328bc58c5e3253c06c4b7f5.jpg;0001e96803--6328bf99ee98da5773dbe7f1.jpg
0001e96803--624cf01b0df5d81c3664a6c9.jpg;0001e96803--6245012376466a2503bcb628.jpg
0001e96803--62756de28159616c01ad113a.jpg;0001e96803--627519f510a8937ea5d2b7ee.jpg
0001e96803--62665f252f84f71ae8416f1a.jpg;0001e96803--6266611bfef7c82cd63c5e25.jpg
0001e96803--6329378452d2d7784f0988a0.jpg;0001e96803--636143e8b3ead91b8d9e98bf.jpg
0001e96803--62c2dedfbcb5ef767085c4f9.jpg;0001e96803--62c3b24d3f1f0d17b4aa4d8b.jpg
0001e96803--62e5d21359b423027d6ed8bc.jpg;0001e96803--62aed2f14c744c104520a3b3.jpg
0001e96803--63c2e81a6daae61bce98476f.jpg;0001e96803--63be339f1613b6541c679531.jpg
0001e96803--6260086d3c7fe508ea087368.jpg;0001e96803--6260096bb9acac328719fe7a.jpg
0001e96803--638dbb22f887e93d2585deba.jpg;0001e96803--63a440ac210876596b6a77ce.jpg
0001e96803--6229bd879df18e30cf1fd2db.jpg;0001e96803--6280d438d7e5fe3a70bbca2a.jpg
0001e96803--62c2f0fd90d0047c038b2f24.jpg;0001e96803--62af78c7d053cf29e7ef7fc4.jpg
0001e96803--638f7b07a59ee22c5d9b95d2.jpg;0001e96803--638e2398f8c69121a1c46ff4.jpg
0001e96803--62c8dda35ec591264bbce6ec.jpg;0001e96803--62c7b33b35dc4857baa9ac65.jpg
0001e96803--6345b514c1f1a52a6485e210.jpg;0001e96803--6368e1cf30180324ab7c01e1.jpg
0001e96803--6245088622773263d39cc6a0.jpg;0001e96803--624c79f6d4c85d3897eb61a5.jpg
0001e96803--62ff0389313a2c02326419ee.jpg;0001e96803--62cc0d3607e307271c73040a.jpg
0001e96803--628920839bdab706155e19e1.jpg;0001e96803--62adf113f486ce61ced71f6b.jpg
0001e96803--6267792860e44172041542ee.jpg;0001e96803--62429127b7ffd22bbe655933.jpg
0001e96803--630720ab0b55c35e8c7476be.jpg;0001e96803--63611897ca1b6f63fbc48fa9.jpg
0001e96803--630359b7e49339458916461f.jpg;0001e96803--630b0c212c38525b069af130.jpg
0001e96803--638f0d09d67128773246d8d1.jpg;0001e96803--638e511d74ca1775237c80e7.jpg
0001e96803--62fe192e77ba4c2da76f7b64.jpg;0001e96803--63079c16ff8f302e2d74b5cf.jpg
0001e96803--6344723cd0561a6982a66091.jpg;0001e96803--6344a607694454401f20b059.jpg
0001e96803--638070170bdf720fa95e7f3a.jpg;0001e96803--6280a013bb58c96c0dcf017a.jpg
0001e96803--62d686dd7ccde63d44144a88.jpg;0001e96803--6220b19add8ac76b4c894ea1.jpg
0001e96803--622a162f5c996041491dcd3e.jpg;0001e96803--62209e82c9e1fc19522d3fdd.jpg
0001e96803--630d6c81b5470b3f33726755.jpg;0001e96803--63072ee6dd4a291311ab4f02.jpg
0001e96803--62fe80fa52a1941788e74657.jpg;0001e96803--6280a297ed7e4c361de827bf.jpg
0001e96803--6249c7f3f6952438bd51f943.jpg;0001e96803--6239d1919e8eb347e421c4ec.jpg
0001e96803--6300bf4d0d5c633debb44535.jpg;0001e96803--63a577bf2633d47ad051da91.jpg
0001e96803--627524c1e2055e2ef182c5f5.jpg;0001e96803--626007d34e109864dc0d30fc.jpg
0001e96803--6347baa288d4494ceadea895.jpg;0001e96803--6347cf0548ab9b4c8689ef25.jpg
0001e96803--62291cde627eb142e9e78ea1.jpg;0001e96803--622b1acdde31052c5f47fd7b.jpg
0001e96803--6221c70607d635144a5fc6eb.jpg;0001e96803--6224ec54f2f0126f42d5a378.jpg
0001e96803--63457670735aac6c0bf65422.jpg;0001e96803--637640d92e3a4b54f606278f.jpg
0001e96803--6242c28965f2e649f223ecd5.jpg;0001e96803--6348f97e10967275c71f3d31.jpg
0001e96803--622483eb3c3d413ca02ce190.jpg;0001e96803--6239684318fab62b09b68714.jpg
0001e96803--6223bf1bde31052c5ff9a0c7.jpg;0001e96803--6222375d8b3b3f01f82d3ff0.jpg
0001e96803--6228ac1b294a1e5c161b2c08.jpg;0001e96803--6228cfd6ded1f01d1be6bc51.jpg
0001e96803--62494ef0ae75ac2e107e0307.jpg;0001e96803--62810f65a556430847b7caf2.jpg
0001e96803--6221811936a0651220885c9c.jpg;0001e96803--63b5ae52745f601b3df6478d.jpg
0001e96803--6281c1b7d08edd55b90b7cba.jpg;0001e96803--6275c0870f78664bc638b79f.jpg
0001e96803--63823101d4735467adb84ee3.jpg;0001e96803--6383952c8bf49c708331397f.jpg
0001e96803--62da938233285c5101b1b62d.jpg;0001e96803--62dd1817a568a33bad74c2b7.jpg
0001e96803--622893accffc872118c40790.jpg;0001e96803--62289441b50edb0927e918c3.jpg
0001e96803--628a21a6e5f8af70ce8f6692.jpg;0001e96803--62e9367bd9fb6a7dc9a63700.jpg
0001e96803--63b4f9fb2ae3121ca87fca45.jpg;0001e96803--63be67a05f5a701471872865.jpg
0001e96803--63c2f90c8890f369f5e9abbe.jpg;0001e96803--623927d9d9ffe97f82fb7ff2.jpg
0001e96803--6221297ea2f3cb74fdca6404.jpg;0001e96803--622812bf37825f2adb26dc84.jpg
0001e96803--62ae8f204968ae602aae7308.jpg;0001e96803--62ae69d1733c273cbda773fe.jpg
0001e96803--622da597aa265c66d51a6f2d.jpg;0001e96803--6242c6673447b43bb0c66f3b.jpg
0001e96803--6294b9280808263f55d9e319.jpg;0001e96803--624321d576466a2503a1c72c.jpg
0001e96803--62816021ba0972562fd30c3d.jpg;0001e96803--63651538f19a991c4492cbf2.jpg
0001e96803--637675f0c9e3e243ce86e095.jpg;0001e96803--637666bdaabecc6bd16d93e2.jpg
0001e96803--624c3890945cc50d050a5843.jpg;0001e96803--62aedfc868008e1f11fce669.jpg
0001e96803--624c84844d23d73ab9dc572b.jpg;0001e96803--6242dda0c44212112773d33d.jpg
0001e96803--6344f8765cd209634e7c3712.jpg;0001e96803--6288bf9683bc27584c5e4653.jpg
0001e96803--62d686ff62edd80605775cd3.jpg;0001e96803--62c7d6ad35dc4857baab523a.jpg
0001e96803--62395a62513d8a51e6fcdd5c.jpg;0001e96803--628a7115b24f452b5b0b0de9.jpg
0001e96803--637f49ef4d04ae7da23c4b7a.jpg;0001e96803--630d7dd9f08fdf14c50304b4.jpg
0001e96803--6344e0c76aa4063c3fe0279b.jpg;0001e96803--62e5eb8a8153934dd805b1ef.jpg
0001e96803--63beda667ea6dd6dae556622.jpg;0001e96803--63bd994b95afeb45fdcebe87.jpg
0001e96803--63c18bd972c9825400687c16.jpg;0001e96803--63c18b4c72c98254006866ec.jpg
0001e96803--622a9e7fde31052c5f4124d9.jpg;0001e96803--6241825465f2e649f212f6cc.jpg
0001e96803--637f4129cda6f04dd5ec6d1d.jpg;0001e96803--63494f59ee95c93b80428073.jpg
0001e96803--6226f70070049e12fcba11b3.jpg;0001e96803--6221b573c9e1fc19523f2271.jpg
0001e96803--62c631596843180ef8f200a0.jpg;0001e96803--625f22c7f8ef0a67d1284a45.jpg
0001e96803--63461d21836dff2c6fd583f6.jpg;0001e96803--6345c4612a09e33b593cce1e.jpg
0001e96803--6265aa80b551c109c60431b3.jpg;0001e96803--626038f3f927412204b9f9ac.jpg
0001e96803--6267a551242a4d4ffa481e34.jpg;0001e96803--62553a1451d73c3888d145a9.jpg
0001e96803--62c67d030df60f6e47f7235b.jpg;0001e96803--62caea4c6111635a58361190.jpg
0001e96803--62d80326b9ef4e4df4dfdcb1.jpg;0001e96803--62c557c21a97e151bc45a2ef.jpg
0001e96803--6221047b9922d6491b1d0edc.jpg;0001e96803--6348cf3299f6947d036d2dfe.jpg
0001e96803--63c67f261472ef72514f5f85.jpg;0001e96803--63a2a2e373ef6b39f85d3e97.jpg
0001e96803--636234a22576c205abdb00d6.jpg;0001e96803--636298cbfbd63e2722b82f7c.jpg
0001e96803--62fe0c3a52a1941788e0edca.jpg;0001e96803--6302420372d57f0aa10f5e73.jpg
0001e96803--6239441f8e262f4ddc69585a.jpg;0001e96803--6242b77261974a65882faef6.jpg
0001e96803--63c14d8c1df67b5b927fb0b8.jpg;0001e96803--63b6e1d9f6c0b144f3c59298.jpg
0001e96803--62256def8299be0d45f02eef.jpg;0001e96803--62d96de0c62bd864acf26d29.jpg
0001e96803--6364e445dc696d3b150cef57.jpg;0001e96803--6364e0aa19a9db7e279e0308.jpg
0001e96803--6280b950b4ac336d7e1bae15.jpg;0001e96803--622081bc24413b49138bd344.jpg
0001e96803--62810d1df15ea6134ba93603.jpg;0001e96803--6288b8da8c51f51abccf51f2.jpg
0001e96803--6328bc58c5e3253c06c4b7f5.jpg;0001e96803--6328bec11a965e051c429e5b.jpg
0001e96803--6220cd11dd8ac76b4c8b53a6.jpg;0001e96803--621f77792cbe67022e7b6b8f.jpg
0001e96803--625f1109f8ef0a67d127cc36.jpg;0001e96803--6239c12741925f2a6402a8fa.jpg
0001e96803--637f9b04ad6a6e03f46aed17.jpg;0001e96803--63610aba0e42e0782de3fb4a.jpg
0001e96803--63c1640f6daae61bce752906.jpg;0001e96803--63a49360a7cc526a7275e707.jpg
0001e96803--622ce43a22cb2f008bc5228e.jpg;0001e96803--6300ea4bb722761e75eca968.jpg
0001e96803--6328bc319d7f70683fc54cd1.jpg;0001e96803--638f91cfb110bf1fd6d65cdb.jpg
0001e96803--6300dc47313a2c023275c3f5.jpg;0001e96803--637776d447042e6e2c5780c7.jpg
0001e96803--63032156313a2c023282a3be.jpg;0001e96803--62ffcc763bd6c035173002bd.jpg
0001e96803--62c4b7227d59c82a1a5ac2e0.jpg;0001e96803--62c42a2c559a605e4c327c45.jpg
0001e96803--622153b856c49428da399c40.jpg;0001e96803--6265ce163fa188190b56b036.jpg
0001e96803--630c94706c7e504027a24df4.jpg;0001e96803--63613eb92645a1045bed181f.jpg
0001e96803--62816021ba0972562fd30c3d.jpg;0001e96803--63b6a5e1fdd6da7fb4c8e409.jpg
0001e96803--63774002d23d9327ecf6371b.jpg;0001e96803--637682348cae8c05c818585b.jpg
0001e96803--6363ca88535a597b240d3320.jpg;0001e96803--6366aa19386f5d119c381919.jpg
0001e96803--62291659469e0451389626c3.jpg;0001e96803--6241802f78f73a4bb96ff93e.jpg
0001e96803--62c3f28abc39c84d6074be91.jpg;0001e96803--62c5df060d872713808982b5.jpg
0001e96803--625f0349bb62d63b94497191.jpg;0001e96803--625f151571d8987d3e89b5f9.jpg
0001e96803--62c3101b03e36d3111a9d36b.jpg;0001e96803--6301e178cde60c1d84702f62.jpg
0001e96803--62546a1a4374727ed12ea984.jpg;0001e96803--624c6b8daa5a1307f937401f.jpg
0001e96803--62cabe254b37772d19619e22.jpg;0001e96803--62c2e4f955e76b4ab0aef53a.jpg
0001e96803--63b6a5e1fdd6da7fb4c8e409.jpg;0001e96803--63651538f19a991c4492cbf2.jpg
0001e96803--63445e4fd3a6615e999c40ec.jpg;0001e96803--63085a2230074c22ff94ccb8.jpg
0001e96803--6276891f3192d61c2a8096bd.jpg;0001e96803--6294bc37035b7842af32e338.jpg
0001e96803--62e1ea7664a27e23ec69c936.jpg;0001e96803--62e756562087de30b2895291.jpg
0001e96803--624c84844d23d73ab9dc572b.jpg;0001e96803--6242e1f9306e6346d681b081.jpg
0001e96803--6366b9c26deda135dc5bcc84.jpg;0001e96803--62c41ed52669a64660e9c236.jpg
0001e96803--62c7e74aa2c5ae6b6e2bb481.jpg;0001e96803--630d6c81b5470b3f33726755.jpg
0001e96803--62d9783dc73c7c0d30a15c1a.jpg;0001e96803--62cba1355e81bd0e0d0b8141.jpg
0001e96803--622963b7901d2c1de49f4131.jpg;0001e96803--622c94eda1e05822d6505976.jpg
0001e96803--63a2544abc3d3b76c7352a97.jpg;0001e96803--63a2470debadfb5255e7f5ec.jpg
0001e96803--62c2de33996c74453f6f9d03.jpg;0001e96803--6288b401364828132bef1499.jpg
0001e96803--6228a89c8900d230dbda1279.jpg;0001e96803--6239d3841160180a07c68e1a.jpg
0001e96803--63611ff13da5e2309e9cac3e.jpg;0001e96803--6362c924f19a991c447fc5aa.jpg
0001e96803--62751776c278b8096f163540.jpg;0001e96803--627516be0592c37ff308ca8b.jpg
0001e96803--622af2817a07670e200af97f.jpg;0001e96803--622de9dcec22573434d0dd72.jpg
0001e96803--63445c96fa504b0baea7e5d3.jpg;0001e96803--6362504d777a9c2e472d0fb9.jpg
0001e96803--6305de6a4f019419cd7cf20b.jpg;0001e96803--6260aedcde8cff51841f1b84.jpg
0001e96803--6294b6528753764e91d241ec.jpg;0001e96803--62de033369197c4f05fdc9b2.jpg
0001e96803--6381495a4c335537e50f1a36.jpg;0001e96803--622142b282e5d14bc7020a08.jpg
0001e96803--6220959350b9de5604a064c2.jpg;0001e96803--62209be576f40771b90ac7ad.jpg
0001e96803--62e26d89d9fb6a7dc94b79b0.jpg;0001e96803--62e68d1f5cc46b1f59e9100f.jpg
0001e96803--62dd3845e3e7c349c4cdb323.jpg;0001e96803--630a3351a1a4ab63171124e0.jpg
0001e96803--62d6b4286da2c93b1b67d6d2.jpg;0001e96803--62c30dc71a97e151bc327732.jpg
0001e96803--62c7c62e4bf6793b3a5ef956.jpg;0001e96803--62e6ae10c9e3ee7dafc4c725.jpg
0001e96803--638f4c326adba26f59f82afe.jpg;0001e96803--637647919376542ef7786f03.jpg
0001e96803--63c526e38890f369f5176276.jpg;0001e96803--63c5807316dd336c58fd12bf.jpg
0001e96803--62adda2d9aa6556e02d69005.jpg;0001e96803--62add345fb3a404d0a4ab760.jpg
0001e96803--62d68c143b80ab6c7d10bcd2.jpg;0001e96803--62c47fe15cae6944a429cb86.jpg
0001e96803--62446daba4132a321c1ba8df.jpg;0001e96803--6242c2fb17ecb07a5a41ec87.jpg
0001e96803--634950d23c5437395e0b483f.jpg;0001e96803--6349490682a1031213c559e1.jpg
0001e96803--62661962458b3c3dc1df3466.jpg;0001e96803--6221bb1795f0832815c207f4.jpg
0001e96803--62d901f4d100c8743bc771f1.jpg;0001e96803--62226a6c0dcab8597d3958ec.jpg
0001e96803--630144544f019419cd555126.jpg;0001e96803--630a9e4ce3a4854c6478d05e.jpg
0001e96803--62396dc88e262f4ddc6bd932.jpg;0001e96803--62208603326f565941d7421d.jpg
0001e96803--62680e2f32f95044f6c1e03f.jpg;0001e96803--62262788c1b18165621e987e.jpg
0001e96803--6363ca88535a597b240d3320.jpg;0001e96803--63a4c057ddee3f6e7fbd38a7.jpg
0001e96803--6239586622820f461eb8d462.jpg;0001e96803--636942d461871a02322648c1.jpg
0001e96803--63c0374db0aa566eaf5f707f.jpg;0001e96803--62adf3f009141a0022c45a4a.jpg
0001e96803--6346bce058cf57752bd7b3c5.jpg;0001e96803--6344e01aa78ebc588e9b123d.jpg
0001e96803--63486fec87d7103914214b5d.jpg;0001e96803--63653971535a597b2421cac7.jpg
0001e96803--6346b2c278d91950e4a94483.jpg;0001e96803--62419ffbb368c61a07e527f4.jpg
0001e96803--6255dec8a0393c665bd77492.jpg;0001e96803--638105292d02d31945c8ec99.jpg
0001e96803--622a45b14fce190ebdbab0bb.jpg;0001e96803--622c77cfcc22ca6ce9db7e44.jpg
0001e96803--62958032e796a155f0f3c280.jpg;0001e96803--62d6be397c1f7e25504324f7.jpg
0001e96803--6275fbe3113aad51d23b78b0.jpg;0001e96803--627610a3532aab3ff90ba223.jpg
0001e96803--62e13caea7779f47a30d1dc5.jpg;0001e96803--62fe2efa4c6d5c7851f0b272.jpg
0001e96803--637f39f1fec58a4728d21c59.jpg;0001e96803--6239ca6e71a2a05216993684.jpg
0001e96803--622ddf2dda6e715077a6cc94.jpg;0001e96803--622949cc9223e2714bd12709.jpg
0001e96803--62fe3ab0b789b92b1e6cbced.jpg;0001e96803--62d65de765d7635337f8a2db.jpg
0001e96803--62fe2bc477ba4c2da770b340.jpg;0001e96803--62e61b0a311c4129cc43ee98.jpg
0001e96803--62ff98d84d50b867d2ef56e9.jpg;0001e96803--622b3980c1b18165625fd4be.jpg
0001e96803--6244aee917ecb07a5a5dd4b6.jpg;0001e96803--6241cf697aaeb8535a617b32.jpg
0001e96803--63a29db1fcd3af2422ada126.jpg;0001e96803--6361e3a4bd96ec2d520ae62c.jpg
0001e96803--6241b0fdc442121127643ae9.jpg;0001e96803--6228dba2818b5c5371f627ba.jpg
0001e96803--6280b6bc4f44c84be964390d.jpg;0001e96803--625ff9715aa19e0c19aede19.jpg
0001e96803--63c45b3aa3c61254ea89d8e9.jpg;0001e96803--6242f78ef80dcd39544fcc1d.jpg
0001e96803--62addfea194ad816432dc2c5.jpg;0001e96803--6361ad732bcbd92ab8f23006.jpg
0001e96803--62287155839fdc6ec4174379.jpg;0001e96803--622d47c6662ada26fe886d91.jpg
0001e96803--6344c32a694454401f211637.jpg;0001e96803--6345ef07e0c55c0b53a4900b.jpg
0001e96803--6295e9e40f0a604a6d47fe41.jpg;0001e96803--62d7ec4b0d05685563729dbd.jpg
0001e96803--622099a069eb0849e155e271.jpg;0001e96803--6267c6778ba7903d3a33b93d.jpg
0001e96803--62d8e2019dee9d37c91c3a4d.jpg;0001e96803--621f783f7c3ae23005b8d24a.jpg
0001e96803--6239cbcb6e1ee5175573fe89.jpg;0001e96803--6228a329290351193d7b1c75.jpg
0001e96803--63446264f0eb100223cfe6b4.jpg;0001e96803--634461d993a6b23eec8c456e.jpg
0001e96803--63490ed5666b244cee069215.jpg;0001e96803--625f3f735aa19e0c19a43aa8.jpg
0001e96803--624cf5036dd6224a7c468f24.jpg;0001e96803--624cd5da683dab4cfda08b7d.jpg
0001e96803--62c2efc3d18e322ea7038197.jpg;0001e96803--62c39c8352eb1a631e22c843.jpg
0001e96803--63bdb408a7ff1c3e55a25834.jpg;0001e96803--63bdb875f81117689740e492.jpg
0001e96803--62c59ac95caf1737d19dbd0c.jpg;0001e96803--6294c7c0e14f7b062a0692ac.jpg
0001e96803--63a2e3a375d6d14f3fc366ac.jpg;0001e96803--638d9dcfab0b667c41fc0257.jpg
0001e96803--6304edd5a9771e5ec5b1f521.jpg;0001e96803--62fe37b5e493394589e455f3.jpg
0001e96803--622b2ff970049e12fcecdabb.jpg;0001e96803--622b282f627eb142e9026009.jpg
0001e96803--6308a87d6c7e50402787a8f8.jpg;0001e96803--62dddb83ef36863b81987cb3.jpg
0001e96803--627647da11f4660b757ec31b.jpg;0001e96803--6275e0faa89fbe3111894dd2.jpg
0001e96803--62ca7f04bbdc5f509776e837.jpg;0001e96803--62ca7f92a5a18e375a4770fe.jpg
0001e96803--63471d440c5a194da937f9ec.jpg;0001e96803--6344c41fd3a6615e999f0859.jpg
0001e96803--62273d438fd2c4357ed1fe95.jpg;0001e96803--63a45bb7210876596b6c8275.jpg
0001e96803--622c899ad52b5e03687bf592.jpg;0001e96803--6365b20e1ad2115b3fa59fa3.jpg
0001e96803--6249d309dd48a6463103401a.jpg;0001e96803--6241cf497aaeb8535a6178f1.jpg
0001e96803--62af07c04968ae602ab1d08c.jpg;0001e96803--629484468753764e91ced8d7.jpg
0001e96803--62665f252f84f71ae8416f1a.jpg;0001e96803--6294818f8d75da35c155e6de.jpg
0001e96803--6295efccdf858e094c849bea.jpg;0001e96803--62951c074796d7421deeb021.jpg
0001e96803--6305d5014c6d5c785132c0f0.jpg;0001e96803--62c46dc122725830c93cbeee.jpg
0001e96803--62c8c6b63112812d3829cc50.jpg;0001e96803--634977e9ee19ac7760ee47eb.jpg
0001e96803--62752cda5df39673d7cf2004.jpg;0001e96803--62d67aecde6381772e09be07.jpg
0001e96803--6294cca5e14f7b062a06d97f.jpg;0001e96803--628a5a788ecec626c1d1ce77.jpg
0001e96803--6266611bfef7c82cd63c5e25.jpg;0001e96803--6294818f8d75da35c155e6de.jpg
0001e96803--6346b63ccc4911103ee8e876.jpg;0001e96803--622cba7386e4a31f65da3d1c.jpg
0001e96803--63b53f57ca10d41f4a3d1d60.jpg;0001e96803--63904955a59ee22c5da22727.jpg
0001e96803--6384b2894220c362ed679823.jpg;0001e96803--63637ef2b8b24a393bc34c56.jpg
0001e96803--62e2ba381e877f1a6fbcc8bb.jpg;0001e96803--62e2be8dd9fb6a7dc952199f.jpg
0001e96803--63638a1efc039a59f5ed308d.jpg;0001e96803--6362076b8054544a68a5f511.jpg
0001e96803--6288f8ece4980b480e9054d4.jpg;0001e96803--6344f8765cd209634e7c3712.jpg
0001e96803--6224ccdf7d71593ef0b0532f.jpg;0001e96803--62811edc21906052ec4fe152.jpg
0001e96803--6224ba6ff2f0126f42d33e63.jpg;0001e96803--63a45bb7210876596b6c8275.jpg
0001e96803--636942d461871a02322648c1.jpg;0001e96803--6228df2d9ddc6a6893157d2d.jpg
0001e96803--625f76f090af4b53f0361781.jpg;0001e96803--62e0b175ab782d45c7be020b.jpg
0001e96803--6221a5db01e8e26d1103b16c.jpg;0001e96803--6228a026b50edb0927e9ce00.jpg
0001e96803--625ff1a1b1f48c0748dbb21e.jpg;0001e96803--6276518a83e89b5fc701405b.jpg
0001e96803--6275464011f4660b75767895.jpg;0001e96803--6289ee3c4849b9176d42595c.jpg
0001e96803--6242f8a02b598f27e5b4d84d.jpg;0001e96803--63462e18cb58100a1689d65a.jpg
0001e96803--62c7e74aa2c5ae6b6e2bb481.jpg;0001e96803--630c0add921d0c42d3d540d8.jpg
0001e96803--62ae22c24968ae602aacbc77.jpg;0001e96803--62da81d8a66aac78c67b30e9.jpg
0001e96803--62675b922065600057ac0e79.jpg;0001e96803--6222692c0dcab8597d394d33.jpg
0001e96803--6294cca5e14f7b062a06d97f.jpg;0001e96803--6294f167df858e094c7b8824.jpg
0001e96803--6383b3aee3e95c188292285f.jpg;0001e96803--62277a0c8fd2c4357ed502e8.jpg
0001e96803--6241c6e1c8f2486067542cfc.jpg;0001e96803--638f3509ab0b667c410a3991.jpg
0001e96803--6390235aeb740a0b0ba14d4a.jpg;0001e96803--63a2a2e373ef6b39f85d3e97.jpg
0001e96803--62444aea8c12827f86b48970.jpg;0001e96803--6227968c95aad761f15c6a07.jpg
0001e96803--63048a17f525f0697914e51a.jpg;0001e96803--62209c15326f565941d98028.jpg
0001e96803--63c67f261472ef72514f5f85.jpg;0001e96803--6390235aeb740a0b0ba14d4a.jpg
0001e96803--63a32eada465112216ad7346.jpg;0001e96803--637f5cfc937c081895238365.jpg
0001e96803--6227995cc0012a219dbc8f8a.jpg;0001e96803--6222317a8afce042b4842d16.jpg
0001e96803--62c3001d8c92165d6ce68fe5.jpg;0001e96803--622d944bec5b125710d50231.jpg
0001e96803--622395d3d9295779c05ffabe.jpg;0001e96803--6221a9e201e8e26d1103db12.jpg
0001e96803--622464b37d71593ef0ab87ff.jpg;0001e96803--62c7e6cde6be0159fa20d5bd.jpg
0001e96803--62451d6b7e1d23128a6316e5.jpg;0001e96803--62498ef8945cc50d05e59962.jpg
0001e96803--6220fa4124413b491393b321.jpg;0001e96803--62212bce66aa4e747157ad03.jpg
0001e96803--627536c9781395266e6ef4b5.jpg;0001e96803--62e662adc4f57e7d58b73451.jpg
0001e96803--6294cca5e14f7b062a06d97f.jpg;0001e96803--6294f49a1cd4a2502eec991d.jpg
0001e96803--62c7e74aa2c5ae6b6e2bb481.jpg;0001e96803--63072ee6dd4a291311ab4f02.jpg
0001e96803--63652513221d107c3512b098.jpg;0001e96803--6346840053f2f82c710c3764.jpg
0001e96803--6289669f4849b9176d3f95f6.jpg;0001e96803--621f77fa0b83dd311320a6ee.jpg
0001e96803--622893accffc872118c40790.jpg;0001e96803--6228ab30655dc258c5b53909.jpg
0001e96803--6288f8ece4980b480e9054d4.jpg;0001e96803--6288bf9683bc27584c5e4653.jpg
0001e96803--6241f3359d40b5027ec36b31.jpg;0001e96803--62496de0ae75ac2e107f7c0e.jpg
0001e96803--62daad00a66aac78c67d99d3.jpg;0001e96803--63a543d2fc7a6b56d19bba4f.jpg
0001e96803--62fe79baba48327bd21c8285.jpg;0001e96803--62ff60d89720a1141b1cec9c.jpg
0001e96803--62db03a16cdd1929e106f591.jpg;0001e96803--62e23aad246550489836eca5.jpg
0001e96803--63048a17f525f0697914e51a.jpg;0001e96803--62209cb307d635144a51e9fb.jpg
0001e96803--6297033f56b7cb048e1e5b84.jpg;0001e96803--6295bd4f1cd4a2502ef0e159.jpg
0001e96803--62fe4813b789b92b1e6dc57f.jpg;0001e96803--6300bf4d0d5c633debb44535.jpg
0001e96803--62dec1dc0472a361ed27af00.jpg;0001e96803--630211c9f6b42b66dd5c3c16.jpg
0001e96803--6228c1160dcab8597d78e9cf.jpg;0001e96803--622b0573655dc258c5d4fc65.jpg
0001e96803--6368fb4c4bc93140602923b5.jpg;0001e96803--634a102d8481a008e9648b24.jpg
0001e96803--6241c45cd5ed8a3452b47321.jpg;0001e96803--63c7cfe095ab793484a10c7d.jpg
0001e96803--62ff6b8a0d5c633deb9fd3da.jpg;0001e96803--63299cc53e4b5216e316d60f.jpg
0001e96803--62c84c09e385d1453fb3e97e.jpg;0001e96803--62e1dda1d028736fd1c4d435.jpg
0001e96803--62395aee1b36361a45571c26.jpg;0001e96803--6239e7111a3aaa68e4191b85.jpg
0001e96803--63b64f34f6d830734bbcb68c.jpg;0001e96803--63b6583d482c3c4f16cfed59.jpg
0001e96803--62553d7793128216f56b15dd.jpg;0001e96803--62559120e5cc327357033e14.jpg
0001e96803--6275464011f4660b75767895.jpg;0001e96803--62547dbcec464b057f2c915b.jpg
0001e96803--625566860209c17acf867b2d.jpg;0001e96803--62fe052eaec04b56a57e8370.jpg
0001e96803--63072c2841c9ba30f4c87a5a.jpg;0001e96803--62d77bce62edd80605804bdf.jpg
0001e96803--639040746b072b4005413fb6.jpg;0001e96803--63901e39a326583bbe54934f.jpg
0001e96803--6220df91f9a31c57def583d6.jpg;0001e96803--630cce93a06b2575d8881fcc.jpg
0001e96803--637783a93903154c8bba279a.jpg;0001e96803--6346b64dddef1c655ddc75a2.jpg
0001e96803--6245bf7c76466a2503cd935e.jpg;0001e96803--6245f52bae75ac2e1056a87b.jpg
0001e96803--62c677d4aaa6635be6d449a4.jpg;0001e96803--62ae0e052f19775ffa34300e.jpg
0001e96803--62209afffcef120bdc3cdbc3.jpg;0001e96803--624ed74b3cdd9216039e1376.jpg
0001e96803--63473383d06b6e1815c8d571.jpg;0001e96803--63613ddaa711d048223c9e2d.jpg
0001e96803--6241a60d2dd49547114cf2f9.jpg;0001e96803--62602153e29a1f43a54a1265.jpg
0001e96803--6241e85d61974a65882810a0.jpg;0001e96803--624c5e561c118320752aa6cb.jpg
0001e96803--630c0add921d0c42d3d540d8.jpg;0001e96803--630d6c81b5470b3f33726755.jpg
0001e96803--62ca7fae62bbe41ab6a7754d.jpg;0001e96803--62dca694afd7b03715307520.jpg
0001e96803--62af113a0838473994b19120.jpg;0001e96803--6295ead8c2dd7967c0286185.jpg
0001e96803--62ff81831c64766fe4af283e.jpg;0001e96803--628951d245d3c94b770df5b1.jpg
0001e96803--62de6a76e3e7c349c4d64e43.jpg;0001e96803--636499a98847bd6d7fa45f2f.jpg
0001e96803--6281c142a556430847bb4c14.jpg;0001e96803--624cd1963cdd92160383fd9f.jpg
0001e96803--6265e3469400c57a392548f2.jpg;0001e96803--62757cce2566db7f85bad03b.jpg
0001e96803--62e8f39f07fb082386ea8cab.jpg;0001e96803--63036cb43ae2753bf0571bc5.jpg
0001e96803--62fe5ff10ca0dc7aee289a84.jpg;0001e96803--62df7accd2f32c4d28a27bb9.jpg
0001e96803--62aed3f597e8692e16adbba8.jpg;0001e96803--62970837379f925fdf514047.jpg
0001e96803--622b2ff970049e12fcecdabb.jpg;0001e96803--62496aa2af1196783785d6e3.jpg
0001e96803--63626c47f5f4c53737e43ce1.jpg;0001e96803--636530ca8847bd6d7fae0cb8.jpg
0001e96803--622230059df18e30cfcbde53.jpg;0001e96803--62394e2450d17c08f0a86078.jpg
0001e96803--624559a6d5ed8a3452e1b4b1.jpg;0001e96803--6267a1c232f95044f6bd5da9.jpg
0001e96803--62294ce98900d230dbe3235f.jpg;0001e96803--62c4d2b858b12f52e356216a.jpg
0001e96803--62431b3c370fc7291aea950d.jpg;0001e96803--622ad7dfa9ea9b57ccdf22c2.jpg
0001e96803--63766fad19b2bc661e1d7122.jpg;0001e96803--6260ccf0de8cff518420376f.jpg
0001e96803--62d7d14162edd806058444d3.jpg;0001e96803--62fefa28313a2c023263e170.jpg
0001e96803--63c2b756a3c61254ea64339f.jpg;0001e96803--63c16509e42ae12f7b5a77b4.jpg
0001e96803--629479dc56b7cb048e04a3c5.jpg;0001e96803--62965a08df858e094c8a1074.jpg
0001e96803--6294f167df858e094c7b8824.jpg;0001e96803--628a5a788ecec626c1d1ce77.jpg
0001e96803--62fe4813b789b92b1e6dc57f.jpg;0001e96803--63a577bf2633d47ad051da91.jpg
0001e96803--6294f49a1cd4a2502eec991d.jpg;0001e96803--628a5a788ecec626c1d1ce77.jpg
0001e96803--63636a665724e32e5084d975.jpg;0001e96803--6228e9ffa9ea9b57ccbec7e1.jpg
0001e96803--62dcd7096db4632f059a6999.jpg;0001e96803--6280a8b828d5b636d5a2e52f.jpg
0001e96803--6242f8a02b598f27e5b4d84d.jpg;0001e96803--622ab15b8afce042b4d28103.jpg
0001e96803--62da5ec2439fb031704a1c14.jpg;0001e96803--62394e88353a541f51f9e442.jpg
0001e96803--63a2470debadfb5255e7f5ec.jpg;0001e96803--63c16509e42ae12f7b5a77b4.jpg
0001e96803--62dfe9356db4632f05b43f0e.jpg;0001e96803--62addb7b48254e0ec749e5c1.jpg
0001e96803--63c2b756a3c61254ea64339f.jpg;0001e96803--63a2470debadfb5255e7f5ec.jpg
0001e96803--623967e218fab62b09b68281.jpg;0001e96803--6224c88dc0012a219da3d4fc.jpg
0001e96803--6288ed6c83bc27584c6049ed.jpg;0001e96803--627512ee3112cb78775b384c.jpg
0001e96803--6288b73426f3ba7ec9ccdafc.jpg;0001e96803--62949d78aee53a0f1c77467f.jpg
0001e96803--62547645b78d4361c319b719.jpg;0001e96803--6255a7017755165916e25bd1.jpg
0001e96803--6267e63d6410e348591c53bb.jpg;0001e96803--625f2f27e29a1f43a53f9b4d.jpg
0001e96803--6220fb5c07d635144a587a86.jpg;0001e96803--62212bce66aa4e747157ad03.jpg
0001e96803--63c2b756a3c61254ea64339f.jpg;0001e96803--63a2544abc3d3b76c7352a97.jpg
0001e96803--62419ffbb368c61a07e527f4.jpg;0001e96803--6328bff71c33fd0ecb41e26e.jpg
0001e96803--6344ab93680ee42bb274a2ca.jpg;0001e96803--62ff8aac77ba4c2da7821092.jpg
0001e96803--6220e9c2ed134e6684fa4aba.jpg;0001e96803--62ff6643001f12591a757427.jpg
0001e96803--62ffa1910d5c633deba45be3.jpg;0001e96803--62ff8130f683a47fda0162b2.jpg
0001e96803--6366aa19386f5d119c381919.jpg;0001e96803--63687c7cd708c96e8209f183.jpg
0001e96803--6346b2c278d91950e4a94483.jpg;0001e96803--6328bff71c33fd0ecb41e26e.jpg
0001e96803--6300e370dbcdd554093f1f0b.jpg;0001e96803--62ea4d093159c9144dd4371b.jpg
0001e96803--6239586622820f461eb8d462.jpg;0001e96803--6228df2d9ddc6a6893157d2d.jpg
0001e96803--6294bdba8717592fea36128d.jpg;0001e96803--6288bc72d0f986027b66cc81.jpg
0001e96803--62452dc53caf69710262e1e3.jpg;0001e96803--62452e5376466a2503becf21.jpg
0001e96803--634708df78d91950e4acd1d0.jpg;0001e96803--62e8fe5bc9e3ee7dafded991.jpg
0001e96803--63c10495bf716f2662ed377f.jpg;0001e96803--63771528d23d9327ecf4a933.jpg
0001e96803--6375dcf38feaf0228305def4.jpg;0001e96803--622889315c99604149069cad.jpg
0001e96803--6244505dfa066b4a15d30046.jpg;0001e96803--628a5a788ecec626c1d1ce77.jpg
0001e96803--62247e7073a36d72fb926622.jpg;0001e96803--62241e96ff125b16a4295c79.jpg
0001e96803--6295dd90286bd91e83bf8b41.jpg;0001e96803--6289248f180bc205cf7e3d27.jpg
0001e96803--6295df96ce71890706e06d2a.jpg;0001e96803--62681f49f3dccb29c3f84faa.jpg
0001e96803--6294785de14f7b062a0240d5.jpg;0001e96803--6229c1ae37825f2adb49a3e1.jpg
0001e96803--62fde29bf232a03dd67feb3d.jpg;0001e96803--62aeb45d8777dc53ff849071.jpg
0001e96803--63a2544abc3d3b76c7352a97.jpg;0001e96803--63c16509e42ae12f7b5a77b4.jpg
0001e96803--622c7db7da6e71507795c784.jpg;0001e96803--6228784c8900d230dbd6eede.jpg
0001e96803--6228ab30655dc258c5b53909.jpg;0001e96803--62289441b50edb0927e918c3.jpg
0001e96803--6294cca5e14f7b062a06d97f.jpg;0001e96803--6244505dfa066b4a15d30046.jpg
0001e96803--6288c76c2559f113f757af40.jpg;0001e96803--62c6dd178b81c9695cd3f1ec.jpg
0001e96803--6288bbc3559b29146edfbbdd.jpg;0001e96803--6254f41419078751fd899d78.jpg
0001e96803--62949a95e796a155f0e7a215.jpg;0001e96803--62c514c06176ed201aa34933.jpg
0001e96803--624e642bfad53241b0558eed.jpg;0001e96803--622c7d95d52b5e03687aee83.jpg
0001e96803--6239ad479e8eb347e41e909b.jpg;0001e96803--62c3243daefc11004291efcb.jpg
0001e96803--62209eb51e149a2c4be336d1.jpg;0001e96803--62395aee1b36361a45571c26.jpg
0001e96803--63c2902c22d4440c9d7393d5.jpg;0001e96803--622cecfd9fa81a16224f6b20.jpg
0001e96803--623901ad71a2a052168f93e9.jpg;0001e96803--62545f0019078751fd84fb47.jpg
0001e96803--62c5476d58b12f52e35ad19e.jpg;0001e96803--62e3a9b12a107213c43ab73f.jpg
0001e96803--624ea502be5f5e094fd5d276.jpg;0001e96803--6241895e3442794d751a7168.jpg
0001e96803--6300e84c43a27c678729511f.jpg;0001e96803--62ff4ede2fbdc47d7a85ab5e.jpg
0001e96803--62dc383e20efe52c2033ffa3.jpg;0001e96803--62d997bba66aac78c671ed05.jpg
0001e96803--6244505dfa066b4a15d30046.jpg;0001e96803--6294f49a1cd4a2502eec991d.jpg
0001e96803--62397eea0123a46de8b6e1c7.jpg;0001e96803--6239c5d51fc7126a8a6464d6.jpg
0001e96803--622e15d65af86b74befdece3.jpg;0001e96803--63b6eda52c409655144b5c6c.jpg
0001e96803--63beac3a02cc046f9ed6e76d.jpg;0001e96803--6220b19add8ac76b4c894ea1.jpg
0001e96803--62761fb353d9394dc7b6f15f.jpg;0001e96803--62762a4f83e89b5fc7fe6fad.jpg
0001e96803--6265ce5fff79a865e3f98d47.jpg;0001e96803--62af520dbde0776e664f77d3.jpg
0001e96803--632965cd267f8f5ba5be34ec.jpg;0001e96803--6221cacfb9cb357d9bc2cb31.jpg
0001e96803--6255386a7f17064cb06825dc.jpg;0001e96803--62e13f9f5765d152ca115968.jpg
0001e96803--6223354f5b075e1d27950d60.jpg;0001e96803--624c1b671c1183207523afc8.jpg
0001e96803--62209eb51e149a2c4be336d1.jpg;0001e96803--6239e7111a3aaa68e4191b85.jpg
0001e96803--62d7c9198d35f21b840ebc74.jpg;0001e96803--62c34d6660a74402aa4f8ee2.jpg
0001e96803--63a4c057ddee3f6e7fbd38a7.jpg;0001e96803--6366aa19386f5d119c381919.jpg
0001e96803--622b282f627eb142e9026009.jpg;0001e96803--62496aa2af1196783785d6e3.jpg
0001e96803--6280cf17ec19d3656966624b.jpg;0001e96803--63611f9b743b037fc3c28e5b.jpg
0001e96803--63c3fd16537d6a1afbeaf5c6.jpg;0001e96803--6220a47913fa8f7fcead3750.jpg
0001e96803--6255517dec464b057f3874e8.jpg;0001e96803--626600ea1da83e718650626d.jpg
0001e96803--62208575dad63543fe288c2f.jpg;0001e96803--62c2ec8ec2d9aa6750c46386.jpg
0001e96803--63766fad19b2bc661e1d7122.jpg;0001e96803--637f5ec1ea44fd0074d27254.jpg
0001e96803--630c58ca5c8d352fd995f019.jpg;0001e96803--63468608ebaad922f89cab61.jpg
0001e96803--6266938309773055be818575.jpg;0001e96803--6280dbc4da16f764ac4f9072.jpg
0001e96803--62c4601054394742ab3bc873.jpg;0001e96803--627520dd850efb35e4ae447f.jpg
0001e96803--6328cc599fcbf825b5ac903a.jpg;0001e96803--6329d190ec4ea632800576dd.jpg
0001e96803--624e4662099b250d52d33de6.jpg;0001e96803--62554c0051d73c3888d277e0.jpg
0001e96803--634974ed92e0e728e7867948.jpg;0001e96803--6249e00f7bc14a018fc38205.jpg
0001e96803--630c0add921d0c42d3d540d8.jpg;0001e96803--63072ee6dd4a291311ab4f02.jpg
0001e96803--62680e2f32f95044f6c1e03f.jpg;0001e96803--63834c7fd6be7f67b78ad4ae.jpg
0001e96803--63462e18cb58100a1689d65a.jpg;0001e96803--622ab15b8afce042b4d28103.jpg
0001e96803--6300cca1f683a47fda0e8ed4.jpg;0001e96803--6280a0a1b9125d0362954c16.jpg
0001e96803--6289b15794e0a97a3b1ef166.jpg;0001e96803--62752ebf11f4660b7574db5f.jpg
0001e96803--6220b68740dd0f272216e089.jpg;0001e96803--62949ec5631aea48127832fb.jpg
0001e96803--62c9555bc288c854c221d5d8.jpg;0001e96803--62219d9824413b4913994c34.jpg
0001e96803--625fd6ea8b59e9027d144e96.jpg;0001e96803--625f303552be36104b427b28.jpg
0001e96803--622a025795aad761f1856c1a.jpg;0001e96803--634819780810107e96de4076.jpg
0001e96803--62446601d5ed8a3452d521a9.jpg;0001e96803--62891ff57caf806998fa65ce.jpg
0001e96803--6294f49a1cd4a2502eec991d.jpg;0001e96803--6294f167df858e094c7b8824.jpg
0001e96803--622483eb3c3d413ca02ce190.jpg;0001e96803--636335a0118d2839015b7d81.jpg
0001e96803--62968d1f8717592fea47911e.jpg;0001e96803--63a341783f82be1f1babd4b0.jpg
0001e96803--622c82379585663e49633d10.jpg;0001e96803--630cc081a05be7308d4a6d59.jpg
0001e96803--62c3c77c8c92165d6cee3c84.jpg;0001e96803--62dcc1c7022c357665b2c0f9.jpg
0001e96803--6220e9c2ed134e6684fa4aba.jpg;0001e96803--62da8df2d100c8743bdb4592.jpg
0001e96803--62de0a5f80e17f64129bf0fe.jpg;0001e96803--62caf2bd0cad2f2047dfe5bc.jpg
0001e96803--6281e0adcdff5742ed37f8fd.jpg;0001e96803--62296610839fdc6ec429e1da.jpg
0001e96803--632941506d76c269b1dd37fe.jpg;0001e96803--6328e1186aa0406085a0cee0.jpg
0001e96803--623a032a5b4faa2933d7e9d9.jpg;0001e96803--62949ec5631aea48127832fb.jpg
0001e96803--62959967095c8b30149b1ee3.jpg;0001e96803--6367c356f9f5367ffa91c0ef.jpg
0001e96803--62398e0e760b434d9d8b049a.jpg;0001e96803--6254621c19078751fd8528f7.jpg
0001e96803--62c451ea5a81917aa0f9e611.jpg;0001e96803--6369e76036e80f7c7b72f9c1.jpg
0001e96803--6280accfec010720ca2bfc33.jpg;0001e96803--62d7d14162edd806058444d3.jpg
0001e96803--638dde937dfb6b116f7e5c10.jpg;0001e96803--63a480bb6d05fd022d9e8c5f.jpg
0001e96803--6329c113c029fb2bec9c7a2a.jpg;0001e96803--62661e2a80f88562c2f434c4.jpg
0001e96803--626024bd3eccfb432875f313.jpg;0001e96803--62498247a499977f431f3ca9.jpg
0001e96803--63b58a5f6be44128abed3bd9.jpg;0001e96803--6346463d735aac6c0bfb6a48.jpg
0001e96803--624ce33faf11967837addcc6.jpg;0001e96803--6300d09c4401dd1aff085a7a.jpg
0001e96803--62c43d773f1f0d17b4b19ff3.jpg;0001e96803--62da7a5489c1a229b19686bf.jpg
0001e96803--63760059bb79c0321f66aba3.jpg;0001e96803--6288d1ab08ea00759b63d45b.jpg
0001e96803--62963d7d55a82f0add4a25d9.jpg;0001e96803--623a215bb0675269bc15a9a9.jpg
0001e96803--6363ca88535a597b240d3320.jpg;0001e96803--63687c7cd708c96e8209f183.jpg
0001e96803--62430786370fc7291ae956da.jpg;0001e96803--6309f9080fd07a62734e0d47.jpg
0001e96803--627637d4113aad51d23e7e41.jpg;0001e96803--6288e8ab102b1f18b403531f.jpg
0001e96803--6280b2c6a556430847b3f6fe.jpg;0001e96803--634504bf7a64d3453006b884.jpg
0001e96803--621f7777eef4ee1d41dbf13d.jpg;0001e96803--6288cb67f7ca7b02b66870c4.jpg
0001e96803--62c58803bcb5ef76709d1684.jpg;0001e96803--626805e5458b3c3dc1fb9028.jpg
0001e96803--6347f649ee95c93b80362368.jpg;0001e96803--6328bb69d0d2bf0dfb97a731.jpg
0001e96803--63a4be9b96bc972e14092cb0.jpg;0001e96803--62ae61f8de5921383364a028.jpg
0001e96803--63446788c9f9ee0f19fed327.jpg;0001e96803--622d9e15e248cc04c3818879.jpg
0001e96803--63b54d6073e3c0768044f4f9.jpg;0001e96803--621f78e2f5013d738baa78bd.jpg
0001e96803--6280cf17ec19d3656966624b.jpg;0001e96803--62680e2f32f95044f6c1e03f.jpg
0001e96803--6239338ebfa6d821197dac15.jpg;0001e96803--6267ed3fca6f212f45b0f454.jpg
0001e96803--6346b70696ccf337b3975839.jpg;0001e96803--6367f3fc1f2045182baabcba.jpg
0001e96803--6241ccd8e21ac74db3dbdc1e.jpg;0001e96803--626794dbca6f212f45acd241.jpg
0001e96803--62d9a6db87fc860cf91ae372.jpg;0001e96803--62d99e03ca2c4718817b7a1b.jpg
0001e96803--629709a6592d6a25805d9a7a.jpg;0001e96803--63611dd1bd96ec2d5204cc98.jpg
0001e96803--62ae2bfd0838473994abc6a9.jpg;0001e96803--62dbf19e7994e926c8ea24ed.jpg
0001e96803--632993eb068b1b4bbfd04444.jpg;0001e96803--6365f4671a50aa0b8f93c2e0.jpg
0001e96803--62c42b6c55e76b4ab0b99c4b.jpg;0001e96803--636390bcfc039a59f5ed8ec4.jpg
0001e96803--63022d8e0d5c633debc242cf.jpg;0001e96803--62601680bb62d63b945b2b23.jpg
0001e96803--6239fd247598db081372ca9c.jpg;0001e96803--63b6bc68482c3c4f16e0e89c.jpg
0001e96803--638e2017d6712877323dc971.jpg;0001e96803--6329502fdf0f520566550983.jpg
0001e96803--62de6e0078f7974fe8b21066.jpg;0001e96803--62c4f8a5a58cba130503d5e7.jpg
0001e96803--62949ffcab45cb7cba995bcf.jpg;0001e96803--622b293c290351193d9de36e.jpg
0001e96803--62c59f4558b12f52e3609367.jpg;0001e96803--636390bcfc039a59f5ed8ec4.jpg
0001e96803--626024bd3eccfb432875f313.jpg;0001e96803--6255117a3aa41210b0fd02bf.jpg
0001e96803--634768f46004ae67601eea2b.jpg;0001e96803--63294935267f8f5ba5bcd1fd.jpg
0001e96803--63c3a457541be2001f49e679.jpg;0001e96803--638f32d0e950cf7252b5f03a.jpg
0001e96803--6281ee1c0a339251c27c5d77.jpg;0001e96803--6295aa2bba0e0c481eb9ff83.jpg
0001e96803--6280cf17ec19d3656966624b.jpg;0001e96803--62addbaa4968ae602aaaf38c.jpg
0001e96803--63a4434e9e2a8e66fc7db78f.jpg;0001e96803--6220aff6dd8ac76b4c892342.jpg
0001e96803--62754f300592c37ff30c33b9.jpg;0001e96803--6275fd1a11f4660b757c4fc1.jpg
0001e96803--622796ba5b075e1d27bf8b6e.jpg;0001e96803--62422ab4dda1250bd81d2889.jpg
0001e96803--62961c8055a82f0add48a3e4.jpg;0001e96803--63468608ebaad922f89cab61.jpg
0001e96803--6346fc1078d91950e4ac694f.jpg;0001e96803--63298fc3d5e98f4952d4f43f.jpg
0001e96803--62260f145b075e1d27b054ea.jpg;0001e96803--62209e23f9a31c57def003b5.jpg
0001e96803--62c924af9b001712b52af5db.jpg;0001e96803--63a536c16cb6aa5ec2c4b169.jpg
0001e96803--622b2672839fdc6ec44cce14.jpg;0001e96803--62cadb226b02362ebe4dc4da.jpg
0001e96803--63622fecd8ae3b7cef085326.jpg;0001e96803--62c59f4558b12f52e3609367.jpg
0001e96803--62adf4d874abc24c440d579f.jpg;0001e96803--62d68c278d35f21b84faabae.jpg
0001e96803--637f9de0b1f68211fe19c7d1.jpg;0001e96803--6344715a3c090e40cdd4b2c5.jpg
0001e96803--628a46d90da66b1c674b6568.jpg;0001e96803--638e571c7dfb6b116f843a89.jpg
0001e96803--624e9a2d768aca1993f53518.jpg;0001e96803--6267e415c22349756390dccd.jpg
0001e96803--62c453cabc39c84d607c2fee.jpg;0001e96803--6304d09e4f019419cd7332b8.jpg
0001e96803--629553428d75da35c1618f32.jpg;0001e96803--622ac901b187432981303a8e.jpg
0001e96803--63beac3a02cc046f9ed6e76d.jpg;0001e96803--62d686dd7ccde63d44144a88.jpg
0001e96803--62262f7170049e12fcb45ca6.jpg;0001e96803--62aedac0b1b5fe2f486fbe2f.jpg
0001e96803--6265d4313754e05cb694e3f5.jpg;0001e96803--6268b7ca9b5aaa24b869502b.jpg
0001e96803--630a8c8f22c8e90d72b94c48.jpg;0001e96803--6367c356f9f5367ffa91c0ef.jpg
0001e96803--628a175c75a5cf63cd15cea8.jpg;0001e96803--62d80ad5b9ef4e4df4e03a1a.jpg
0001e96803--62c5717faefc110042a7555b.jpg;0001e96803--622208ae99d6fe4e24bc5fe1.jpg
0001e96803--622352733c3d413ca01e24df.jpg;0001e96803--6346463d735aac6c0bfb6a48.jpg
0001e96803--62752ea7a8a9ce766ebbb2aa.jpg;0001e96803--62c55a0658b12f52e35c3420.jpg
0001e96803--62c42b6c55e76b4ab0b99c4b.jpg;0001e96803--6295aa2bba0e0c481eb9ff83.jpg
0001e96803--63a3049075a13212f700e910.jpg;0001e96803--630c64930b55c35e8cad4e77.jpg
0001e96803--6369334948c06852fcd3d16f.jpg;0001e96803--625fc94890af4b53f03a7337.jpg
0001e96803--6239b578a2d69f2afdfe7bd6.jpg;0001e96803--63774b5fb04cf443264555d2.jpg
0001e96803--6280e7dd91f0bb0d5becedcc.jpg;0001e96803--6280d6c4e7dcd66c52e1fa09.jpg
0001e96803--62949d8bc3e04913db900771.jpg;0001e96803--63b57be485e41d254f7a26f4.jpg
0001e96803--62dc11483d899c2a13f4bbcc.jpg;0001e96803--6224f1fd4fce190ebd61e510.jpg
0001e96803--63763849801461320b56a7a5.jpg;0001e96803--6288cb67f7ca7b02b66870c4.jpg
0001e96803--62c2ebeb54394742ab2acd35.jpg;0001e96803--6344e1e5dd61db12581d533a.jpg
0001e96803--62ae1046cafc20665727bb8b.jpg;0001e96803--6348196999f6947d03683a6e.jpg
0001e96803--63b62165fdd6da7fb4c169e8.jpg;0001e96803--6275cc7b27116c30c346f739.jpg
0001e96803--622c7adf3bf0e63743497e91.jpg;0001e96803--638efbb669daad503a27bbb6.jpg
0001e96803--63832cd0d7580c45274062c5.jpg;0001e96803--6295ffe7ce71890706e22ec5.jpg
0001e96803--62af5faf8429d62dc0975d29.jpg;0001e96803--623a10aa1a3aaa68e41b771b.jpg
0001e96803--62fe06c8f232a03dd681c6a9.jpg;0001e96803--63661e5befe0e63a515a4332.jpg
0001e96803--62e12b6b4c038126e030de59.jpg;0001e96803--62c6e112cffa9531f2c676d6.jpg
0001e96803--62390aa5dda3ea3eaba7cc54.jpg;0001e96803--6220d693dad63543fe2e3c11.jpg
0001e96803--622656d59df18e30cff898ed.jpg;0001e96803--6260094e11d67e3e02fe52a6.jpg
0001e96803--63295136267f8f5ba5bd26c9.jpg;0001e96803--62c36c217dcdab38defddbeb.jpg
0001e96803--6294d6c0e796a155f0ec9b2d.jpg;0001e96803--62fdeea1f6b42b66dd2ca948.jpg
0001e96803--62262f7170049e12fcb45ca6.jpg;0001e96803--63298b00df0f520566580c38.jpg
0001e96803--6303bbb6ba48327bd2487958.jpg;0001e96803--62665c74242a4d4ffa3aa8d3.jpg
0001e96803--6348e3ac88d4494ceae92395.jpg;0001e96803--62da8510c73c7c0d30a9ff4e.jpg
0001e96803--6223793e655dc258c57e47c1.jpg;0001e96803--626827c3f4f0744f8fb6ec5f.jpg
0001e96803--6344715a3c090e40cdd4b2c5.jpg;0001e96803--6367c356f9f5367ffa91c0ef.jpg
0001e96803--62c6472d8b4d8e3332ee2733.jpg;0001e96803--623990e5a2d69f2afdfb9481.jpg
0001e96803--634590591be11a7c3518c603.jpg;0001e96803--62add2f60838473994a94cb2.jpg
0001e96803--62d6ac0ea711203db74b598f.jpg;0001e96803--6239a076a3eded076b6202d6.jpg
0001e96803--634508226aa4063c3fe1296c.jpg;0001e96803--62e022c95beaf75c0c9fd0d9.jpg
0001e96803--62959876df858e094c8065c9.jpg;0001e96803--62958efba743b42b6ab68ea3.jpg
0001e96803--6280f1ce2c546f22a363951c.jpg;0001e96803--6304c2a5001f12591a9fee07.jpg
0001e96803--63c2bbee537d6a1afbc06069.jpg;0001e96803--622da9286368394933209475.jpg
0001e96803--6329aeed07a0ad26e074e5d4.jpg;0001e96803--622606e9290351193d61794f.jpg
0001e96803--630252c1dcba314d0cf46d98.jpg;0001e96803--636518e06deda135dc4c6bbd.jpg
0001e96803--622de5e56aff7e6ce703385e.jpg;0001e96803--6275184ea8a9ce766eb9dad3.jpg
0001e96803--63674829a09d7b39872ddebd.jpg;0001e96803--63449373ac0c924d53855cdf.jpg
0001e96803--622706911315ef143e0fe226.jpg;0001e96803--62603e5716f5e75931c71272.jpg
0001e96803--62395b7c9e8eb347e418900a.jpg;0001e96803--6224f1fd4fce190ebd61e510.jpg
0001e96803--6384bdf24220c362ed683122.jpg;0001e96803--62c59f4558b12f52e3609367.jpg
0001e96803--62c4332f58b12f52e34e6afb.jpg;0001e96803--63a4432155d27e46d6195259.jpg
0001e96803--630b43da735ccd0e80043ec1.jpg;0001e96803--6281a7d7f15ea6134baca2e0.jpg
0001e96803--6239ac0d2a3baa10c33b65c0.jpg;0001e96803--638db44bf00fef08ebb4e970.jpg
0001e96803--630335ef328f1b56e9fb38d9.jpg;0001e96803--6289015b7d8c7d6a24c8f6d5.jpg
0001e96803--62220e81540ada465059a563.jpg;0001e96803--6239777420237d576aa840f6.jpg
0001e96803--6260183ea65aac08951a1053.jpg;0001e96803--632968bdd2192c1ff9f5901e.jpg
0001e96803--6368ba9436e80f7c7b66016d.jpg;0001e96803--62c55bbdaefc110042a6447f.jpg
0001e96803--6296428356b7cb048e17c20a.jpg;0001e96803--62c3639f7d59c82a1a4beb94.jpg
0001e96803--6280b2c6a556430847b3f6fe.jpg;0001e96803--62db2eeaaefb7038f45adcb6.jpg
0001e96803--62752035781395266e6de6a0.jpg;0001e96803--63bed2c764294b0638dfe435.jpg
0001e96803--63081c7f857d4243e7a2e4af.jpg;0001e96803--62cba42f685d1d69186c6b5e.jpg
0001e96803--62d68124fcfcb563d30afd37.jpg;0001e96803--62d6c9e0c4dc0a5aa0de5582.jpg
0001e96803--63b4cb536d292a505a99e43e.jpg;0001e96803--636197c9cce99b58b4f91dc4.jpg
0001e96803--6294e6d54796d7421deb50e8.jpg;0001e96803--63297906b11cb11345738e6b.jpg
0001e96803--63296facc029fb2bec979465.jpg;0001e96803--62c9852ce673c23c59f84101.jpg
0001e96803--6280accfec010720ca2bfc33.jpg;0001e96803--62fefa28313a2c023263e170.jpg
0001e96803--622c938cd52b5e03687cd7e4.jpg;0001e96803--6307a48f038d3455d2b276be.jpg
0001e96803--6289f0a575a5cf63cd13c120.jpg;0001e96803--624194e3b7ffd22bbe5a00ce.jpg
0001e96803--638e16aaf6388517528feb29.jpg;0001e96803--62c553ad0526486e31bf90df.jpg
0001e96803--628186882c546f22a366d3ab.jpg;0001e96803--63629cac2bcbd92ab8fafdca.jpg
0001e96803--6266564f3da1ef0482126065.jpg;0001e96803--62287262eefaa33c9d8e1504.jpg
0001e96803--62d88d1b0dd7563c9d4af792.jpg;0001e96803--6348d2e16b21b647c47d9685.jpg
0001e96803--628132dbe35a4e462fe5cd29.jpg;0001e96803--624e6b51d0804965c55ebce3.jpg
0001e96803--627541b43bc3015c5ad9f8f5.jpg;0001e96803--6275bef95d110c5fc7e204fc.jpg
0001e96803--627519663192d61c2a704b1d.jpg;0001e96803--62ff8454e493394589f32a9f.jpg
0001e96803--63b54ccb73e3c0768044e250.jpg;0001e96803--63774b5fb04cf443264555d2.jpg
0001e96803--63621dc5cce99b58b4fe5c56.jpg;0001e96803--6376114bb58f5e17ab4dfc71.jpg
0001e96803--6295171e286bd91e83b762d1.jpg;0001e96803--63688a242d40d373b63f8e9b.jpg
0001e96803--62c3874f8c92165d6cec3995.jpg;0001e96803--62ae9e129e3d59633163f015.jpg
0001e96803--63bdb72fde6b637a22d69dfb.jpg;0001e96803--637626946b2d840c16e35796.jpg
0001e96803--62c58803bcb5ef76709d1684.jpg;0001e96803--6306278b70ee0807ed73352d.jpg
0001e96803--625f3dacf3bd301d772552a6.jpg;0001e96803--6280a1d5d08edd55b901a034.jpg
0001e96803--63c7b9a31472ef72516e8f5a.jpg;0001e96803--6295277fe7caf416d3144185.jpg
0001e96803--6295aa2bba0e0c481eb9ff83.jpg;0001e96803--6220aff6dd8ac76b4c892342.jpg
0001e96803--6254cab1e5cc327357fa1ce8.jpg;0001e96803--6329beaadf0f5205665a18cf.jpg
0001e96803--6220942f540ada465045995f.jpg;0001e96803--62559e3fb78d4361c3295612.jpg
0001e96803--6365d4d1a09d7b398724537c.jpg;0001e96803--6349232f666b244cee0769c5.jpg
0001e96803--62249e411315ef143eef2209.jpg;0001e96803--6221508ec9e1fc19523ab5d0.jpg
0001e96803--6228546cf2f0126f42f7b1ad.jpg;0001e96803--62d6668be5b3ac4f8af7dd30.jpg
0001e96803--63a32eada465112216ad7346.jpg;0001e96803--62af0f86af5d106d4876b7f9.jpg
0001e96803--62c718685a51640ccb4c5cd5.jpg;0001e96803--6275abb37c2b9c0576d03f4c.jpg
0001e96803--6345b55f42b1f8083f2ed106.jpg;0001e96803--627601eb8159616c01b13902.jpg
0001e96803--63630308dc696d3b15f5ec0d.jpg;0001e96803--62d701f579008a4d22a6c3ed.jpg
0001e96803--63089f3430074c22ff971124.jpg;0001e96803--62da5c79186cd10a2b198503.jpg
0001e96803--63a2bd1144f3c17d2a8df598.jpg;0001e96803--6383fde28bf49c7083345c73.jpg
0001e96803--63496a5aa29ab84487eb6616.jpg;0001e96803--62397c11d8d9c725a6de3db5.jpg
0001e96803--628a175c75a5cf63cd15cea8.jpg;0001e96803--62d6ac0ea711203db74b598f.jpg
0001e96803--62fe260c328f1b56e9d1954c.jpg;0001e96803--6280c1237a5d4777dafb0b40.jpg
0001e96803--62dc2c2b9a254642fa5b9fe2.jpg;0001e96803--62e2f24d5917ce1099571e33.jpg
0001e96803--62d7e9c33cc7f271eeeeb72a.jpg;0001e96803--62d8a7373730d66388a33b4a.jpg
0001e96803--624189c93442794d751a7c4f.jpg;0001e96803--6244bc43c4421211278e72e1.jpg
0001e96803--6222e6339ddc6a6893d72f12.jpg;0001e96803--62d7721ba1746b6b8924c81f.jpg
0001e96803--623972d46e1ee517556b8a94.jpg;0001e96803--629614dfa743b42b6abd5301.jpg
0001e96803--6280aaa1bb58c96c0dcf8158.jpg;0001e96803--6375f19f19c2d72a009d311b.jpg
0001e96803--63b6a025d3309379583aeee3.jpg;0001e96803--62c410367c13d103f6b1bb4b.jpg
0001e96803--63058e283bd6c035175968bb.jpg;0001e96803--6347b0e6a29ab84487db05a3.jpg
0001e96803--62208bfc95f0832815b15088.jpg;0001e96803--6288e8ab102b1f18b403531f.jpg
0001e96803--6228021ade31052c5f1dfab0.jpg;0001e96803--6221967213fa8f7fceb9dffb.jpg
0001e96803--6226212270049e12fcb3b120.jpg;0001e96803--63622fecd8ae3b7cef085326.jpg
0001e96803--6328ed108ae53550175f5a8d.jpg;0001e96803--63621dc1cc7ff07b08960d6c.jpg
0001e96803--63c2d94e541be2001f3523d5.jpg;0001e96803--622a16da0e2afb762e816448.jpg
0001e96803--638f82deeb75705959416623.jpg;0001e96803--624c8cb05090f746dce30ef5.jpg
0001e96803--629494ab55a82f0add38eb6f.jpg;0001e96803--62aec2b85d176f26c968186e.jpg
0001e96803--62da93b62fa82c4d479afd87.jpg;0001e96803--634786e36004ae67601f6fd8.jpg
0001e96803--62761c13562a382f19c9bcb4.jpg;0001e96803--63494c6d9d86cb34e64289cc.jpg
0001e96803--622ce2e1d4718503ad54e5e4.jpg;0001e96803--6381d8ba726a790e7ed01f86.jpg
0001e96803--6265d4313754e05cb694e3f5.jpg;0001e96803--624487bcbef0e00d5ae0297c.jpg
0001e96803--6249522b6734993a1f0a9715.jpg;0001e96803--622e2801dc5c4810a03cf652.jpg
0001e96803--62d6bcd1e0ba693ec4ce39ff.jpg;0001e96803--6239ca401422407f01d481c8.jpg
0001e96803--638ea4d73a63082fb5da4e5f.jpg;0001e96803--6280aa360a339251c272d560.jpg
0001e96803--6329ce506d76c269b1e4e532.jpg;0001e96803--62669a85ff79a865e3033978.jpg
0001e96803--62c8cb11eb090315b075f3cc.jpg;0001e96803--62238e0fc1b18165620151cb.jpg
0001e96803--6367ff6c0225880a4b3b84b3.jpg;0001e96803--63c4e99ca3c61254ea94416d.jpg
0001e96803--627529320f78664bc6312521.jpg;0001e96803--6289a414057e4112f59d6be6.jpg
0001e96803--6364f6d2b8b24a393bcfaf91.jpg;0001e96803--622d8ded0cd7c515dc2b0ea9.jpg
0001e96803--62666775cc78c830b1ea7740.jpg;0001e96803--63909f5f6372927e504f6498.jpg
0001e96803--6244505dfa066b4a15d30046.jpg;0001e96803--6294f167df858e094c7b8824.jpg
0001e96803--62667d723fa188190b5f413e.jpg;0001e96803--62de9e8b1b0b5427beea944c.jpg
0001e96803--6242e5a3085c7d3f4de3366f.jpg;0001e96803--6276261b2afb8d4f1f69065b.jpg
0001e96803--6220e78566aa4e74715496bb.jpg;0001e96803--628a086fc6653919697f1dd8.jpg
0001e96803--63808cba0f6d6901eadce3dd.jpg;0001e96803--63c4fa9972c9825400cfbc09.jpg
0001e96803--62c46dc122725830c93cbeee.jpg;0001e96803--63495cd8b4cea07516d371a7.jpg
0001e96803--6344d389ebaad922f88f30d6.jpg;0001e96803--63b75d28448d3924bf21683c.jpg
0001e96803--6281a7d7f15ea6134baca2e0.jpg;0001e96803--622ca661aa265c66d50d3700.jpg
0001e96803--6249d1faaf119678378c0276.jpg;0001e96803--622306349df18e30cfd4c045.jpg
0001e96803--62955eebc5079d57c56790bb.jpg;0001e96803--625fd6ea8b59e9027d144e96.jpg
0001e96803--638f55e174ca177523884ca4.jpg;0001e96803--6363de209d1c285898c8f52c.jpg
0001e96803--62661e2a80f88562c2f434c4.jpg;0001e96803--632990a73bdd9c1517483de6.jpg
0001e96803--63c736ec5086fa0adda7563b.jpg;0001e96803--6228e4719223e2714bcbdbf0.jpg
0001e96803--63632d1ca5c6873036951431.jpg;0001e96803--625fde4a14a21c29d190652b.jpg
0001e96803--6346463d735aac6c0bfb6a48.jpg;0001e96803--625f0e0714a21c29d186ae4c.jpg
0001e96803--62d6c11566e73b617c878cf9.jpg;0001e96803--6348067376991c11668cb468.jpg
0001e96803--6302738aba48327bd23f57c1.jpg;0001e96803--6238f678d2a56329d4f78319.jpg
0001e96803--6328c3f01a965e051c42ca13.jpg;0001e96803--6239777420237d576aa840f6.jpg
0001e96803--6244810a5b49687b4db1c0a8.jpg;0001e96803--63034fb00d5c633debcd64d0.jpg
0001e96803--62c8d9eacdd6756948313940.jpg;0001e96803--6346659178899d1cebf5ec60.jpg
0001e96803--637684a06b2d840c16e95924.jpg;0001e96803--634915f0a4fe862bdff650f1.jpg
0001e96803--63b58a5f6be44128abed3bd9.jpg;0001e96803--62966f5a318cc4235d0c65b5.jpg
0001e96803--62395b1fdda3ea3eaba9ead4.jpg;0001e96803--62dbe7450b93bb32614327eb.jpg
0001e96803--63029d70e44c00526469a375.jpg;0001e96803--62ffb5f143a27c67871f841d.jpg
0001e96803--62549eaf31bfa0289264d598.jpg;0001e96803--63c71970aa004223fcf31176.jpg
0001e96803--623983ee353a541f51fc6c76.jpg;0001e96803--6368c645351d406056cabb56.jpg
0001e96803--63b6c90af6c0b144f3c3b233.jpg;0001e96803--636116bc1625e037332654d5.jpg
0001e96803--62818781b9125d03629b758d.jpg;0001e96803--623a45170123a46de8c4b1f4.jpg
0001e96803--62667184cc78c830b1eb2ac9.jpg;0001e96803--62fe0528934fdf70ddc88d30.jpg
0001e96803--62947d170bd50b2755e5859d.jpg;0001e96803--6281ac9342b4b1286bacace7.jpg
0001e96803--6239873e50d17c08f0ab678b.jpg;0001e96803--6223784a839fdc6ec4db0cf0.jpg
0001e96803--6365fc7a1e87061b951d5984.jpg;0001e96803--62cc032970adb057d8e0f317.jpg
0001e96803--62965d8f0f0a604a6d4dfa61.jpg;0001e96803--6294ae04ba0e0c481eb0b398.jpg
0001e96803--6239b274b0675269bc0ea3d2.jpg;0001e96803--6225e2368900d230dbc3d313.jpg
0001e96803--63b63f42448d3924bf0a13be.jpg;0001e96803--6309213431e5d6109f6bc44d.jpg
0001e96803--628177e87a5d4777da021969.jpg;0001e96803--6347530bddef1c655de26878.jpg
0001e96803--6245e883c7753f2026b2f765.jpg;0001e96803--62e3bef28153934dd8e73fd3.jpg
0001e96803--62225a675b075e1d278ccf1c.jpg;0001e96803--63c4e99ca3c61254ea94416d.jpg
0001e96803--62661e2a80f88562c2f434c4.jpg;0001e96803--62250336655dc258c590397c.jpg
0001e96803--6390642e17a51432cb8cf98a.jpg;0001e96803--6255b44e324f8614474e09b5.jpg
0001e96803--6305e0ff4eb2630d86f8ce43.jpg;0001e96803--62da70b22fa82c4d47993f85.jpg
0001e96803--63a35b3eccfaa403cdbf2e66.jpg;0001e96803--629553b8035b7842af3b45db.jpg
0001e96803--625f929243bc05769eec0b4d.jpg;0001e96803--62af356448254e0ec75674f9.jpg
0001e96803--6347bb960810107e96d96885.jpg;0001e96803--62209f1df9a31c57def02a4a.jpg
0001e96803--632906f4b317545b7857560f.jpg;0001e96803--6289e109559b29146eeab3b4.jpg
0001e96803--62d6dac3a1cf5517e163eb50.jpg;0001e96803--63c11596aeffef1507fd400c.jpg
0001e96803--6367038a386f5d119c3a1db1.jpg;0001e96803--62c50d405a81917aa0fd48b2.jpg
0001e96803--63b58a5f6be44128abed3bd9.jpg;0001e96803--62667d723fa188190b5f413e.jpg
0001e96803--63c03aacc9a5bb459ba6a8b3.jpg;0001e96803--62c73fc5952b1417071b2864.jpg
0001e96803--63c003d11b6f2f613ad607f6.jpg;0001e96803--6289988a9bdab7061560c97e.jpg
0001e96803--62c339c6df3d2d47d354d8ed.jpg;0001e96803--6376015cb88cb76558b73408.jpg
0001e96803--62c2f030c2d9aa6750c48ff1.jpg;0001e96803--6328bb69d0d2bf0dfb97a731.jpg
0001e96803--62aef5310838473994b07137.jpg;0001e96803--62c8cb11eb090315b075f3cc.jpg
0001e96803--6223af81818b5c5371cb15e9.jpg;0001e96803--6239bfc53cf63d3e37feb137.jpg
0001e96803--636580241a50aa0b8f914c15.jpg;0001e96803--638de390f887e93d2588f428.jpg
0001e96803--630d894ea1d5dd12f43b7982.jpg;0001e96803--62ae7dbb5a75ae0e42d73c7b.jpg
0001e96803--622cc61d22cb2f008bc3c7e1.jpg;0001e96803--634979ee6004ae6760345d72.jpg
0001e96803--62ff5ba13bd6c035172afe3a.jpg;0001e96803--62210b5c01e8e26d11fecb71.jpg
0001e96803--6368e69a8847bd6d7fd69f0f.jpg;0001e96803--630797f04fd1d55593ec975d.jpg
0001e96803--6280cf17ec19d3656966624b.jpg;0001e96803--6295e125fc16bb14cde18836.jpg
0001e96803--6329cdc6987edf79ce6ff586.jpg;0001e96803--6242319fd4bbfb04e5438328.jpg
0001e96803--625431187755165916d1b4de.jpg;0001e96803--62caea843112812d3836b994.jpg
0001e96803--6255a4c1487cbd280d8db8cf.jpg;0001e96803--62ffefefc7043754fddee2b2.jpg
0001e96803--62c8cb11eb090315b075f3cc.jpg;0001e96803--624d7b859ce77263746c5ef2.jpg
0001e96803--6254f80d4374727ed13403ab.jpg;0001e96803--6328c0d832e1e97a4ce4c925.jpg
0001e96803--6239bfe171a2a05216987c0e.jpg;0001e96803--6305d27bb875bd4dce9736e5.jpg
0001e96803--63483c9e53f2f82c711d9c6f.jpg;0001e96803--62dda8fee3e7c349c4d0f20a.jpg
0001e96803--63b6d520b5ae086fb07af92c.jpg;0001e96803--63c42d6a72c9825400bbb2d3.jpg
0001e96803--636335a0118d2839015b7d81.jpg;0001e96803--6239684318fab62b09b68714.jpg
0001e96803--637683b1b58f5e17ab560efa.jpg;0001e96803--630caa80c459f02a1a1c9b63.jpg
0001e96803--63493e522bd61d4461b72c6c.jpg;0001e96803--636712c50d86902d26d92dc0.jpg
0001e96803--6275f7e2532aab3ff90ab3a5.jpg;0001e96803--62cbfd64db7be97d505702d1.jpg
0001e96803--6222e4219223e2714b8edbed.jpg;0001e96803--6295ba1ec2dd7967c025c940.jpg
0001e96803--626011313eccfb432873f3a2.jpg;0001e96803--6300e71335f1c208efc0a14a.jpg
0001e96803--62c389a354ba26409522eff3.jpg;0001e96803--62d7fbf055ff9a76aed130d8.jpg
0001e96803--63642884535a597b2413f0a4.jpg;0001e96803--6375f67d3903154c8ba845d2.jpg
0001e96803--638f0785cf95de59e2e4168f.jpg;0001e96803--6225c3355b075e1d27ac629a.jpg
0001e96803--63760059bb79c0321f66aba3.jpg;0001e96803--63610c1d7d44a5504d52bc67.jpg
0001e96803--636221a2a711d04822430641.jpg;0001e96803--624c1227d0804965c53c7e6a.jpg
0001e96803--6362b2611143324423ed5e73.jpg;0001e96803--62ca447e869a10731ac1c995.jpg
0001e96803--63612384ca1b6f63fbc5146e.jpg;0001e96803--6329a5e1fa8f9d332d6e567a.jpg
0001e96803--63a4ef92cac88f2d5be26573.jpg;0001e96803--62c85302ee84901118172204.jpg
0001e96803--62ca0da3cdd67569483ca72d.jpg;0001e96803--62818781b9125d03629b758d.jpg
0001e96803--630a2aafd317946b2c071786.jpg;0001e96803--623952dac48ef142d4eb01cf.jpg
0001e96803--63909766aa7f4d1ccb90f8e8.jpg;0001e96803--632a665fcb3b952e9f7cee95.jpg
0001e96803--622b2d0f1315ef143e59a88d.jpg;0001e96803--630d15a741dc1350f7ed450d.jpg
0001e96803--63484bc29d86cb34e63a7f56.jpg;0001e96803--63be5632cf97ff1cd24bc1a1.jpg
0001e96803--6347a776ee19ac7760dde9e2.jpg;0001e96803--62758be09f27db061a4d4e8c.jpg
0001e96803--636992d4453b7e0ef633e8af.jpg;0001e96803--6362a1b5daf4783fd4e9d5ea.jpg
0001e96803--6281589d34905d600baccfb7.jpg;0001e96803--624d2dfeaa5a1307f93f0cc6.jpg
0001e96803--62c30302127b5b4a6ff8e1fe.jpg;0001e96803--6228abcb7a07670e20e96a88.jpg
0001e96803--6221326413fa8f7fceb7335c.jpg;0001e96803--62274b2e9ddc6a689303d877.jpg
0001e96803--63c4699b541be2001f697de9.jpg;0001e96803--622267540491a43cbd2a7d33.jpg
0001e96803--6281edb7ab57ee0e5024e77f.jpg;0001e96803--625f6a1b14a21c29d1898457.jpg
0001e96803--628902ccffecd24921910861.jpg;0001e96803--629504e755a6576a01b9d988.jpg
0001e96803--63823e1d8916f97efd02a185.jpg;0001e96803--62812d14e35a4e462fe5a5e2.jpg
0001e96803--6275131158d37927d15636a9.jpg;0001e96803--62dc25e39e0f9d34612059c5.jpg
0001e96803--63bebcc1cf97ff1cd25a3bf8.jpg;0001e96803--6328c59878db91798d0fbec9.jpg
0001e96803--62c53425a58cba1305067c1f.jpg;0001e96803--63834d42ba00f040b9d6dc4d.jpg
0001e96803--6328ca441a965e051c42fa53.jpg;0001e96803--6226fcde8fd2c4357ecddd2b.jpg
0001e96803--6265e5127f64855d8e27d237.jpg;0001e96803--62447cd67c7e763c6dfdc11f.jpg
0001e96803--62da54e8f305b52e43ce6e96.jpg;0001e96803--6361affa777a9c2e4726ede4.jpg
0001e96803--63466091b3e7dd61388f088e.jpg;0001e96803--6349a7d38481a008e962fd3e.jpg
0001e96803--6305d5014c6d5c785132c0f0.jpg;0001e96803--63495cd8b4cea07516d371a7.jpg
0001e96803--6281364579bc702e63588f1d.jpg;0001e96803--6307a10ac459f02a1af93517.jpg
0001e96803--622a1d5182605f649634d53d.jpg;0001e96803--62d68c278d35f21b84faabae.jpg
0001e96803--6280cf17ec19d3656966624b.jpg;0001e96803--624285e8b368c61a07eee734.jpg
0001e96803--6280cf17ec19d3656966624b.jpg;0001e96803--63079773ff8f302e2d749394.jpg
0001e96803--622894e1839fdc6ec41ae908.jpg;0001e96803--63482ca188d4494ceae4bd76.jpg
0001e96803--63c2e0044f117c2fc02161fc.jpg;0001e96803--638330771518f405ad726eb4.jpg
0001e96803--62758be09f27db061a4d4e8c.jpg;0001e96803--6294bda8286bd91e83b13cc0.jpg
0001e96803--62d75eb41bd1204b77b4eca5.jpg;0001e96803--62e1585d7bce297abe3d4a41.jpg
0001e96803--62add5f448254e0ec749572a.jpg;0001e96803--62d9bacb288f205884352d54.jpg
0001e96803--62963224ba0e0c481ec23551.jpg;0001e96803--63b5ecf38645dd1ce7a9ad38.jpg
0001e96803--636838bdf9f5367ffa94e6af.jpg;0001e96803--624c6ffb62078c774f648025.jpg
0001e96803--6265f6df3a8d0c6ee2593267.jpg;0001e96803--624ce33faf11967837addcc6.jpg
0001e96803--62964e99379f925fdf4a907d.jpg;0001e96803--62c305c480ef8b102ce192fb.jpg
0001e96803--62fdeb03f8cb813fb392fbf5.jpg;0001e96803--6390299757ccea3890ddc0b8.jpg
0001e96803--62230f708afce042b48c41c0.jpg;0001e96803--6228021ade31052c5f1dfab0.jpg
0001e96803--62af1f60f747a91edcab5c84.jpg;0001e96803--6348e9c1e325bb15cb296e98.jpg
0001e96803--62ff8097cde60c1d845d0a65.jpg;0001e96803--6280e72ca787850bf20d9b89.jpg
0001e96803--6328c795b3fd7078d4c04bd0.jpg;0001e96803--637fda3a2d02d31945bd05e7.jpg
0001e96803--6300cca1f683a47fda0e8ed4.jpg;0001e96803--63296facc029fb2bec979465.jpg
0001e96803--62d9441f6b82357a6e384f93.jpg;0001e96803--63014db635f1c208efc52af1.jpg
0001e96803--638da42670630c7264f63a5b.jpg;0001e96803--6305b21ff525f069792359e0.jpg
0001e96803--625efe570a6dfe2c1c837ab8.jpg;0001e96803--6364b4cddaf4783fd40169ee.jpg
0001e96803--6295ffe7ce71890706e22ec5.jpg;0001e96803--63774019e3847d75ff80aef4.jpg
0001e96803--630a469065b2cc1fa7e835a5.jpg;0001e96803--630c6d5a9d444055d68d9ccf.jpg
0001e96803--63b6121fd3309379582c3c3a.jpg;0001e96803--632a6cb7c029fb2beca334ab.jpg
0001e96803--63b501a4cd3d6417728b2f11.jpg;0001e96803--63bd7ebae7c18d12618710d3.jpg
0001e96803--62970864fc16bb14cdeced62.jpg;0001e96803--63be77e67ea6dd6dae46535c.jpg
0001e96803--62c3be9f2669a64660e45b5d.jpg;0001e96803--626008fca65aac089518c029.jpg
0001e96803--62dbd1481b0b5427bed44e68.jpg;0001e96803--62397ba318fab62b09b78b1a.jpg
0001e96803--63b58a5f6be44128abed3bd9.jpg;0001e96803--62c410367c13d103f6b1bb4b.jpg
0001e96803--629627a84796d7421dff08a8.jpg;0001e96803--62fe7ad5a9771e5ec5838e20.jpg
0001e96803--6328d2a4c0fada34d75749e7.jpg;0001e96803--63c5df1adf2c5c08eefd29c5.jpg
0001e96803--63a35098d5647f0fc77341b8.jpg;0001e96803--624c6a9dfad53241b03f9a96.jpg
0001e96803--624ea2521f3b791937e73256.jpg;0001e96803--630adca321e926235b44c324.jpg
0001e96803--63848e298c39c02e11b2bf62.jpg;0001e96803--62df883f9d35f06c37804c81.jpg
0001e96803--63293b0afa8f9d332d690b01.jpg;0001e96803--62c474afd18e322ea714508b.jpg
0001e96803--6306cc3eff8f302e2d6cc58c.jpg;0001e96803--62fdfad677ba4c2da76d7a04.jpg
0001e96803--628145096305dc0110aca9fa.jpg;0001e96803--6296259d0f0a604a6d4b4aef.jpg
0001e96803--62c42b6c55e76b4ab0b99c4b.jpg;0001e96803--62c59f4558b12f52e3609367.jpg
0001e96803--6384bdf24220c362ed683122.jpg;0001e96803--62cb3d54dd249c7cc14daefb.jpg
0001e96803--628177e87a5d4777da021969.jpg;0001e96803--622da9286368394933209475.jpg
0001e96803--628a272dd0f986027b71798c.jpg;0001e96803--6280fa3734905d600ba969e7.jpg
0001e96803--622747740491a43cbd56cc7d.jpg;0001e96803--628a086fc6653919697f1dd8.jpg
0001e96803--62446b802b598f27e5c7ad00.jpg;0001e96803--6220a62bed134e6684f57a5c.jpg
0001e96803--6222317a8afce042b4842d16.jpg;0001e96803--63b52f1f68478523bcc5ac25.jpg
0001e96803--6280ef3b06b05911b1a89a6e.jpg;0001e96803--62209fc3a91ed96f8bff17b6.jpg
0001e96803--628942b70da66b1c67445684.jpg;0001e96803--6281cf8bb9125d03629c822a.jpg
0001e96803--62458591323c520cdedcb4fc.jpg;0001e96803--625fb84e9aff6300010860b0.jpg
0001e96803--6375f490e3847d75ff7248d0.jpg;0001e96803--6347a9d00810107e96d8b2e8.jpg
0001e96803--62959967095c8b30149b1ee3.jpg;0001e96803--6328efdc3bdd9c1517420ccc.jpg
0001e96803--62424d1b306e6346d6792ef8.jpg;0001e96803--63c748eb82f22b6fe623bc40.jpg
0001e96803--62fe71712fbdc47d7a7efaf7.jpg;0001e96803--63c286a9e42ae12f7b81ac3e.jpg
0001e96803--626024bd3eccfb432875f313.jpg;0001e96803--6225f5d0cffc872118a4be4f.jpg
0001e96803--62c41ccdc2d9aa6750cf68c3.jpg;0001e96803--6225c3355b075e1d27ac629a.jpg
0001e96803--6309ba90dd4a291311c17b33.jpg;0001e96803--62960a221cd4a2502ef4180d.jpg
0001e96803--6366192130180324ab6528ef.jpg;0001e96803--6347a5b8eddf0c0bc6e1ff1e.jpg
0001e96803--63761887ee7d356a08624458.jpg;0001e96803--6307e51322c8e90d72a2dbec.jpg
0001e96803--6295e125fc16bb14cde18836.jpg;0001e96803--62949ec5631aea48127832fb.jpg
0001e96803--622c9bdeaf082974d13b3181.jpg;0001e96803--62e93a33e2289f1ebf0ecb19.jpg
0001e96803--626689a2d21d145099787f99.jpg;0001e96803--63011335328f1b56e9ed13d3.jpg
0001e96803--62e6c29c2a107213c4600e02.jpg;0001e96803--63a46787cd7ce647fd89d857.jpg
0001e96803--622b22da290351193d9d7b4c.jpg;0001e96803--62cb168463dfc022832465cf.jpg
0001e96803--6380d0057a6899134e0427e2.jpg;0001e96803--63a4434e9e2a8e66fc7db78f.jpg
0001e96803--6225bf24839fdc6ec4f1b668.jpg;0001e96803--62e5197fc9e3ee7dafb5cf47.jpg
0001e96803--6294ae04ba0e0c481eb0b398.jpg;0001e96803--62fddc8883b01e774fa166b5.jpg
0001e96803--62fde113aec04b56a57cdffa.jpg;0001e96803--63014db635f1c208efc52af1.jpg
0001e96803--6244bc43c4421211278e72e1.jpg;0001e96803--6242ce1a3442794d752a0cb5.jpg
0001e96803--63450f2e5cd209634e7ceb0d.jpg;0001e96803--62c2eacbd8502402204e1bba.jpg
0001e96803--63038142f6b42b66dd695880.jpg;0001e96803--6224f1fd4fce190ebd61e510.jpg
0001e96803--63a228d22305865b9b12a0a5.jpg;0001e96803--63b5dc5ab66f095ad835c8e0.jpg
0001e96803--62753d7a0f78664bc63295cb.jpg;0001e96803--622b3f7a70049e12fcee1464.jpg
0001e96803--63497cc55b14e37c5645bea9.jpg;0001e96803--636683ae8847bd6d7fbc7f24.jpg
0001e96803--62d90355b9ef4e4df4e74b39.jpg;0001e96803--62c6ad6107614d14aba8a7c0.jpg
0001e96803--624c1e35d0804965c53d7af0.jpg;0001e96803--628186882c546f22a366d3ab.jpg
0001e96803--6328fa169d6b6e59bf520f36.jpg;0001e96803--6328fbfed624a107da3b5873.jpg
0001e96803--63c2ab6848bcec4b10a553cc.jpg;0001e96803--63902e3a18086202fa2e6cb7.jpg
0001e96803--63b6ba7bfdd6da7fb4caa5d7.jpg;0001e96803--6220942f540ada465045995f.jpg
0001e96803--63614cce4c805c0177a79ba9.jpg;0001e96803--636692ecfeee882fe6104fcc.jpg
0001e96803--62c43d773f1f0d17b4b19ff3.jpg;0001e96803--62c2e1c20526486e31a8f926.jpg
0001e96803--624306e0d4bbfb04e54e6dab.jpg;0001e96803--62ff4828c7043754fdd2cc91.jpg
0001e96803--634687c2c9f9ee0f1910f2f2.jpg;0001e96803--63294935267f8f5ba5bcd1fd.jpg
0001e96803--625fc6563eccfb43286cdf62.jpg;0001e96803--6375db98c34df10e4e7dadf6.jpg
0001e96803--6382ed42e3e95c18828a15f3.jpg;0001e96803--62c59f4558b12f52e3609367.jpg
0001e96803--636456bf8847bd6d7fa265ef.jpg;0001e96803--6328c0a5b317545b7855051e.jpg
0001e96803--62e022c95beaf75c0c9fd0d9.jpg;0001e96803--62265d1c627eb142e9c8e839.jpg
0001e96803--6348effd94ddb27d916a6d31.jpg;0001e96803--630d8064735ccd0e8016dd2c.jpg
0001e96803--624e99ce4d23d73ab9eefa9a.jpg;0001e96803--6376b6e3bd8f2378d345cda7.jpg
0001e96803--62d831b889c1a229b1777417.jpg;0001e96803--63b4dca3ca10d41f4a3689be.jpg
0001e96803--621f74a85af9d379642ce38f.jpg;0001e96803--63015d9daa85cb11ddf0b736.jpg
0001e96803--6276261b2afb8d4f1f69065b.jpg;0001e96803--62d9597b51405020841cd8fb.jpg
0001e96803--62753cdd532aab3ff9059d59.jpg;0001e96803--63774b5fb04cf443264555d2.jpg
0001e96803--62c3f7c6111e593e0527939a.jpg;0001e96803--623970481160180a07bcf3d1.jpg
0001e96803--62ae43864968ae602aad618b.jpg;0001e96803--63296de9c5e3253c06ca695a.jpg
0001e96803--62972c5ece71890706ef4ef5.jpg;0001e96803--6228576a95aad761f1653fb3.jpg
0001e96803--62959967095c8b30149b1ee3.jpg;0001e96803--62250336655dc258c590397c.jpg
0001e96803--6390392f6b072b400540e393.jpg;0001e96803--63695b3ef19a991c44b28a31.jpg
0001e96803--6260d156c98b8976d19763d4.jpg;0001e96803--6328f9967c77ba4f783a1ee5.jpg
0001e96803--62494c86a7c1cc68eca83acc.jpg;0001e96803--63909f5f6372927e504f6498.jpg
0001e96803--634580eee458446c3906a335.jpg;0001e96803--62ea541eed9186661034b999.jpg
0001e96803--630a8c8f22c8e90d72b94c48.jpg;0001e96803--63449373ac0c924d53855cdf.jpg
0001e96803--622683d7655dc258c59f1cf1.jpg;0001e96803--63839b3c3cf7153391016ad5.jpg
0001e96803--63610c1d7d44a5504d52bc67.jpg;0001e96803--62e151498071c3359ec961d7.jpg
0001e96803--62c51f030caacd6e12fc03c9.jpg;0001e96803--63c2bbee537d6a1afbc06069.jpg
0001e96803--622e049bb5c441537e9e5813.jpg;0001e96803--63298a9f6d76c269b1e12c71.jpg
0001e96803--6241ccd8e21ac74db3dbdc1e.jpg;0001e96803--622a5fb84a82ca09cd2849b5.jpg
0001e96803--62d686dd7ccde63d44144a88.jpg;0001e96803--6239777420237d576aa840f6.jpg
0001e96803--6222f80b8299be0d45d682e2.jpg;0001e96803--62af7a549aa6556e02e5d599.jpg
0001e96803--63a341bfc07aba3fce495e7f.jpg;0001e96803--6281036e781ced4d4ad9e75b.jpg
0001e96803--638fc84e3b51860a0176e765.jpg;0001e96803--63813f4c93facc7f210486eb.jpg
0001e96803--62271df9c72a824e5b9f2352.jpg;0001e96803--6288c9bcda2e9916d21ab8d4.jpg
0001e96803--63c54869541be2001f87c185.jpg;0001e96803--62fe560cf683a47fdaf786bf.jpg
0001e96803--6226fe23de31052c5f12761b.jpg;0001e96803--638091a08bf49c708311ffad.jpg
0001e96803--6295cc68df858e094c82fd7d.jpg;0001e96803--63014404f6b42b66dd5476e0.jpg
0001e96803--624c7a1556727b671392d7af.jpg;0001e96803--63c5b3b7e2b7422f02efe8f8.jpg
0001e96803--622daa118650307ca3c194d2.jpg;0001e96803--62c6ee234dcbdd329a5bbec3.jpg
0001e96803--63678ffb8847bd6d7fc72bad.jpg;0001e96803--62c52c56debf517f3928e20d.jpg
0001e96803--63c5326996eeab6051f75104.jpg;0001e96803--62398f3f20237d576aaa1c30.jpg
0001e96803--62cafe50f0c11434ce0110d6.jpg;0001e96803--622464b37d71593ef0ab87ff.jpg
0001e96803--62add8aa8777dc53ff7e9bea.jpg;0001e96803--6288cbda102b1f18b401c614.jpg
0001e96803--622dd56fec22573434cf53d0.jpg;0001e96803--6229e25ceefaa33c9daa9b5b.jpg
0001e96803--6295db96c3e04913db9ce47e.jpg;0001e96803--62752cf666c6597b58bc457b.jpg
0001e96803--625fe7c77f203e24f69454dc.jpg;0001e96803--63025bf33ae2753bf04e64a3.jpg
0001e96803--63296de9c5e3253c06ca695a.jpg;0001e96803--62aee2569aa6556e02df491c.jpg
0001e96803--63b5828768478523bccce2ab.jpg;0001e96803--6265acf07f64855d8e268cb4.jpg
0001e96803--63c0f70b54f00e185ff6bd5f.jpg;0001e96803--6380efd4c6378a7992915127.jpg
0001e96803--62545b3a19078751fd84c441.jpg;0001e96803--62fe15e7dcba314d0cda0177.jpg
0001e96803--63658544a09d7b3987230226.jpg;0001e96803--62966f5a318cc4235d0c65b5.jpg
0001e96803--6346a09f468fe447144303b7.jpg;0001e96803--63b63f42448d3924bf0a13be.jpg
0001e96803--637f868a5baaa50bab2dc30f.jpg;0001e96803--6267d680f4f0744f8fb2e2e1.jpg
0001e96803--6222ce8a70049e12fc91c8fb.jpg;0001e96803--62c65c980d872713808c1cea.jpg
0001e96803--63b6d3ddb66f095ad845245f.jpg;0001e96803--622e1db49fa81a16225af34e.jpg
0001e96803--6309fc19c459f02a1a0ad784.jpg;0001e96803--6288c5d975a5cf63cd0884b0.jpg
0001e96803--6288bc0522e9644948c99031.jpg;0001e96803--6275329d6a30d777f2a050ba.jpg
0001e96803--62c533e8ec7140234582357b.jpg;0001e96803--6239840420237d576aa95eeb.jpg
0001e96803--6329c031827e3f5b6cc569da.jpg;0001e96803--62968e73b8c3540865bf68f0.jpg
0001e96803--6221e0900769e43fca6990f1.jpg;0001e96803--62284e414fce190ebd9042d6.jpg
0001e96803--63c0e58951066011ba09a3a4.jpg;0001e96803--63a459ede97c0a686539667f.jpg
0001e96803--6366dea419a9db7e27b06fde.jpg;0001e96803--63091c31921d0c42d3c36402.jpg
0001e96803--622082a59922d6491b139b19.jpg;0001e96803--6239622bbfa6d821197e7f2d.jpg
0001e96803--6225b91b627eb142e9c05939.jpg;0001e96803--62c6d01224eb594dbad6b1f0.jpg
0001e96803--6328fa169d6b6e59bf520f36.jpg;0001e96803--62df68209d35f06c377f141d.jpg
0001e96803--6346a282e7e72b34ad428a58.jpg;0001e96803--6266c3a03fa188190b6557ec.jpg
0001e96803--6225bf24839fdc6ec4f1b668.jpg;0001e96803--63491c6399f6947d037007b4.jpg
0001e96803--63613716b64a4f393cf18d09.jpg;0001e96803--622b00273c3d413ca07cae9e.jpg
0001e96803--63a4434e9e2a8e66fc7db78f.jpg;0001e96803--6289fae94609803c7439d0d8.jpg
0001e96803--6221140b40dd0f27221cd94a.jpg;0001e96803--63494a86144ad715f9aff703.jpg
0001e96803--63674a1e220e7f3ac225beac.jpg;0001e96803--62ff9bdeb722761e75e13bb6.jpg
0001e96803--62df07061ed5540e425b6b0f.jpg;0001e96803--6228cc048900d230dbdc0ff8.jpg
0001e96803--634778e0ecf92f0f03f40e39.jpg;0001e96803--63a42d122ab1ab2f7d4d5ed3.jpg
0001e96803--63478e1ad06b6e1815ca9bd3.jpg;0001e96803--6364774b220e7f3ac207337f.jpg
0001e96803--6346acfc48ab9b4c867f957c.jpg;0001e96803--6348fb7a10967275c71f5187.jpg
0001e96803--6225e2368900d230dbc3d313.jpg;0001e96803--627564fd0592c37ff30d2a8a.jpg
0001e96803--62c654f45a51640ccb44243c.jpg;0001e96803--62220f5b12590610ee37d82b.jpg
0001e96803--6294dbba72b8b44b5c6f04b0.jpg;0001e96803--6241b354f3827f4117130459.jpg
0001e96803--624302577e1d23128a437c65.jpg;0001e96803--6369bf13f19a991c44b4ce01.jpg
0001e96803--62949f444796d7421de4f47b.jpg;0001e96803--62812a5b0a339251c2778f19.jpg
0001e96803--6239622bbfa6d821197e7f2d.jpg;0001e96803--627647c48159616c01b480b5.jpg
0001e96803--628a53fbc66539196982c5a1.jpg;0001e96803--6304dbb10d5c633debe02fd1.jpg
0001e96803--637fe2b320f50d008d372efe.jpg;0001e96803--62953619aee53a0f1c816661.jpg
0001e96803--6300cca1f683a47fda0e8ed4.jpg;0001e96803--625fdc59c01d645448d159c8.jpg
0001e96803--6267c6c9242a4d4ffa49e2ce.jpg;0001e96803--628137b542b4b1286ba9439c.jpg
0001e96803--6349613eac31fe0e48f274df.jpg;0001e96803--6249d7aa6734993a1f10f031.jpg
0001e96803--63c01a1833cd3f205e2cbef1.jpg;0001e96803--62d80ad5b9ef4e4df4e03a1a.jpg
0001e96803--62aee61fe2f46c69485052ca.jpg;0001e96803--6280a0ee06b05911b1a5b2c7.jpg
0001e96803--6242e424085c7d3f4de323e4.jpg;0001e96803--6280dd5f94e0781524d23b18.jpg
0001e96803--624e2337f68b1c73702614b0.jpg;0001e96803--6288b71e8ecec626c1c2cdc4.jpg
0001e96803--624282db25a3e1765fe6107f.jpg;0001e96803--6241de36dda1250bd818ae0b.jpg
0001e96803--6242dd5ec7753f2026836685.jpg;0001e96803--6228546cf2f0126f42f7b1ad.jpg
0001e96803--62aea68810f9371ee0f374f7.jpg;0001e96803--6245bb93a4132a321c2f007c.jpg
0001e96803--63492ca75b14e37c56429d0e.jpg;0001e96803--62cb0b478e92df038793f28c.jpg
0001e96803--6328b9b8b317545b7854af72.jpg;0001e96803--632948db9fcbf825b5b0e20b.jpg
0001e96803--6225c3355b075e1d27ac629a.jpg;0001e96803--6239940841925f2a64fe010f.jpg
0001e96803--626847bd70355d40dead99bb.jpg;0001e96803--6245b259323c520cdedf9ab2.jpg
0001e96803--622a3bf4b6304943427412fa.jpg;0001e96803--6328c0a5b317545b7855051e.jpg
0001e96803--637f9de0b1f68211fe19c7d1.jpg;0001e96803--6367c356f9f5367ffa91c0ef.jpg
0001e96803--63beac3a02cc046f9ed6e76d.jpg;0001e96803--6382ed42e3e95c18828a15f3.jpg
0001e96803--63c1402b6192113045247cd6.jpg;0001e96803--62ffdacc83b01e774fbe87f6.jpg
0001e96803--62678a1b9400c57a393af2c9.jpg;0001e96803--6221f4e85b61a92da76c2493.jpg
0001e96803--62c3f42a3f1f0d17b4ad6e71.jpg;0001e96803--62286d38655dc258c5b16e90.jpg
0001e96803--622dfd2e7bd768096aa97d11.jpg;0001e96803--62af04dc12538717570025a4.jpg
0001e96803--6225ec76839fdc6ec4f4ff0b.jpg;0001e96803--62c3e681aefc11004297992f.jpg
0001e96803--6241bc92154dce4ccea09b35.jpg;0001e96803--6368d8f1535a597b2449fd1c.jpg
0001e96803--63680728386f5d119c44db97.jpg;0001e96803--622b041c95aad761f1965bd5.jpg
0001e96803--6225c669655dc258c5960b80.jpg;0001e96803--6366bbf21e87061b95240c2a.jpg
0001e96803--638f0785cf95de59e2e4168f.jpg;0001e96803--62c41ccdc2d9aa6750cf68c3.jpg
0001e96803--636795d81a50aa0b8fa161a7.jpg;0001e96803--636456bf8847bd6d7fa265ef.jpg
0001e96803--62c6ad6107614d14aba8a7c0.jpg;0001e96803--62c305aa127b5b4a6ff9059d.jpg
0001e96803--6294b514a743b42b6aaec67c.jpg;0001e96803--62667184cc78c830b1eb2ac9.jpg
0001e96803--624990dd0fe28a34d41dcfbd.jpg;0001e96803--6280e72ca787850bf20d9b89.jpg
0001e96803--6226914d95aad761f14d86f3.jpg;0001e96803--62c695025bd91113d2842253.jpg
0001e96803--6228738695aad761f167ff97.jpg;0001e96803--62c80cb6eb090315b06c87dd.jpg
0001e96803--63b75ecb72621e3874870fa9.jpg;0001e96803--6275cc7b27116c30c346f739.jpg
0001e96803--62af46335d176f26c96c8bbd.jpg;0001e96803--629571929e3b850db604a952.jpg
0001e96803--62751624b4f5bc70eab2eb4f.jpg;0001e96803--622898af839fdc6ec41b3f7b.jpg
0001e96803--62557c78b76a1c04dce1e1c0.jpg;0001e96803--6224f1fd4fce190ebd61e510.jpg
0001e96803--630dc35b3b6795124fd10014.jpg;0001e96803--63b4e500d9853c273496b0f9.jpg
0001e96803--627517c6a150240c7ed90a68.jpg;0001e96803--62d868771c73da344e93ca8c.jpg
0001e96803--62809ebeee73322e41dfc95c.jpg;0001e96803--6346d0632957cc459088d8b7.jpg
0001e96803--6347bb960810107e96d96885.jpg;0001e96803--62de9e8b1b0b5427beea944c.jpg
0001e96803--63b4f0bf5e6b4f1e2a1e59fb.jpg;0001e96803--63c1e08d541be2001f13793e.jpg
0001e96803--6289fae94609803c7439d0d8.jpg;0001e96803--6347a776ee19ac7760dde9e2.jpg
0001e96803--63c171a4541be2001f03a095.jpg;0001e96803--63903394b110bf1fd6db6d37.jpg
0001e96803--624d46f8f6952438bd84bb67.jpg;0001e96803--638dc60070630c7264f81e6e.jpg
0001e96803--628a0bb04609803c743aab23.jpg;0001e96803--6365fb93ed38bf7e34df1519.jpg
0001e96803--62209f1df9a31c57def02a4a.jpg;0001e96803--62601f0267580b5135235b9b.jpg
0001e96803--630c4debf08fdf14c5f7653b.jpg;0001e96803--622e2801dc5c4810a03cf652.jpg
0001e96803--63446436df2b9f1ef9c2d35e.jpg;0001e96803--625563d62872212c0de9901c.jpg
0001e96803--630233b6bd62f63a2acbf9e8.jpg;0001e96803--6280c5520a339251c273ded6.jpg
0001e96803--62da70b22fa82c4d47993f85.jpg;0001e96803--6221320b40dd0f27221e12f4.jpg
0001e96803--622c9437cc22ca6ce9dd1be9.jpg;0001e96803--62c9c991a5a18e375a443e15.jpg
0001e96803--62762397295003684320a074.jpg;0001e96803--62d6eeff4a090a6333e16aac.jpg
0001e96803--625f595df927412204ad493b.jpg;0001e96803--63b712c7f6c0b144f3c9795f.jpg
0001e96803--63293b0afa8f9d332d690b01.jpg;0001e96803--636465a720bbcd4c6c7772d2.jpg
0001e96803--634795a587d710391417cb53.jpg;0001e96803--62d7de728e36f35d2e301984.jpg
0001e96803--62e022c95beaf75c0c9fd0d9.jpg;0001e96803--6294bcf2e14f7b062a0601be.jpg
0001e96803--6249b53dfad53241b0229037.jpg;0001e96803--62421a39085c7d3f4ddae3d6.jpg
0001e96803--6381c00b726a790e7ecec2b9.jpg;0001e96803--638db44bf00fef08ebb4e970.jpg
0001e96803--62ffc10652a1941788f5b47c.jpg;0001e96803--62890f46f2f612737477d67a.jpg
0001e96803--63290e481a965e051c45f5d4.jpg;0001e96803--622dd5f1ffd4b42694cc65a2.jpg
0001e96803--62af5ca0bf14257215e22fbf.jpg;0001e96803--62209d0b95f0832815b315f0.jpg
0001e96803--6276261b2afb8d4f1f69065b.jpg;0001e96803--6225c3355b075e1d27ac629a.jpg
0001e96803--624306e0d4bbfb04e54e6dab.jpg;0001e96803--622a16da0e2afb762e816448.jpg
0001e96803--629612a7c3e04913dba03b9e.jpg;0001e96803--63b5828768478523bccce2ab.jpg
0001e96803--6241a99a154dce4cce9f60e3.jpg;0001e96803--6344feaad0561a6982a9b23b.jpg
0001e96803--622ac7509df18e30cf2fa135.jpg;0001e96803--624e7ac4c3aace551d4231b2.jpg
0001e96803--62dbe7450b93bb32614327eb.jpg;0001e96803--62c3db1c111e593e0525ca62.jpg
0001e96803--624451d63d89262e26523afb.jpg;0001e96803--6280ef3b06b05911b1a89a6e.jpg
0001e96803--636328e1ead4b83f5ffa85e8.jpg;0001e96803--6362c09348c06852fc9e436a.jpg
0001e96803--636795d81a50aa0b8fa161a7.jpg;0001e96803--6328d7c6a1cadb6e3c6125e4.jpg
0001e96803--62e61735e623ed6c005e490b.jpg;0001e96803--624e7ac4c3aace551d4231b2.jpg
0001e96803--63661c066846301c960cdebd.jpg;0001e96803--62ff4c76934fdf70ddd4d20b.jpg
0001e96803--629486ef6789b1401e77e5a3.jpg;0001e96803--626664743da1ef0482131aa9.jpg
0001e96803--62e95a4795c25a5ff2af5dfe.jpg;0001e96803--62972934631aea4812928d10.jpg
0001e96803--62964e99379f925fdf4a907d.jpg;0001e96803--62d972688f2c111a69013bc7.jpg
0001e96803--6289fae94609803c7439d0d8.jpg;0001e96803--62adf4d874abc24c440d579f.jpg
0001e96803--63c3b74748bcec4b10c4cb29.jpg;0001e96803--622db4ad02b71a7b847cf065.jpg
0001e96803--63690cd31f2045182bb3d17d.jpg;0001e96803--630b103131e5d6109f7860e5.jpg
0001e96803--637faf708916f97efde67571.jpg;0001e96803--6303eb604c6d5c7851229562.jpg
0001e96803--6265e5127f64855d8e27d237.jpg;0001e96803--62949ffcab45cb7cba995bcf.jpg
0001e96803--638fa30957ccea3890d90770.jpg;0001e96803--6244d7b43d89262e265a9137.jpg
0001e96803--62949d8bc3e04913db900771.jpg;0001e96803--622386ffd9295779c05f2868.jpg
0001e96803--622e00c802b71a7b8480279b.jpg;0001e96803--62245c97a9ea9b57cc80cc1d.jpg
0001e96803--62d6ac0ea711203db74b598f.jpg;0001e96803--6239777420237d576aa840f6.jpg
0001e96803--625f29c47f203e24f68b22ef.jpg;0001e96803--63c64834aa004223fcca1f69.jpg
0001e96803--63055a73023cc623215a870f.jpg;0001e96803--6295aa2bba0e0c481eb9ff83.jpg
0001e96803--62c7c955d552e45ddb3b54a8.jpg;0001e96803--62c3b4968d5f3968a226a972.jpg
0001e96803--6349365a96ccf337b3ae396b.jpg;0001e96803--6369e742efe0e63a517a9dcb.jpg
0001e96803--6328fcb49d7f70683fc8168c.jpg;0001e96803--62e28fbdd028736fd1cd3ddc.jpg
0001e96803--6295ffe7ce71890706e22ec5.jpg;0001e96803--6303546e7269d612b71930dd.jpg
0001e96803--6366e2c9ed5e3903cb8cef4d.jpg;0001e96803--62757422c278b8096f1a8163.jpg
0001e96803--6227342b294a1e5c160cf256.jpg;0001e96803--62fe2b6732fe117801056c88.jpg
0001e96803--622de5e56aff7e6ce703385e.jpg;0001e96803--632960d33fe1b90d039764d8.jpg
0001e96803--6295b5d5df858e094c81d26f.jpg;0001e96803--6297127d0f0a604a6d5401f5.jpg
